-0.4082606
0.74595535
-0.6156737
0.57799596
-0.20778333
-0.36514777
0.252541
0.49084038
-0.42064777
-0.07775163
-0.5922069
0.119010724
0.8776937
-0.08881395
-0.92987865
-0.93547106
-0.5738423
0.91349095
-0.763462
0.7163023
0.15767688
0.6291338
-0.41748393
-0.62054
-0.32289547
0.1629344
-0.6576265
-0.75078845
-0.20084947
0.12397879
0.785108
-0.71387315
0.66352206
-0.4785193
0.323366
-0.009715876
0.1851221
-0.860951
-0.24541427
-0.35017017
-0.6954917
-0.41035715
-0.39420003
1.0030257
-0.6261411
0.8176078
-0.40294546
0.07403316
-0.43306875
-0.7243261
-0.18226433
0.4058049
0.24163063
0.61206037
0.80496377
0.37679327
0.4089555
0.8110542
-1.0298864
-0.006007501
0.09394229
0.6178241
-0.706688
0.35759142
0.7673019
-0.6447948
0.5597498
0.32741573
-0.22644423
-0.5353594
0.20997958
1.0448601
-0.27723777
-0.2234658
0.11653673
0.9525256
0.23910165
-0.59742546
-0.8684483
-0.6809396
0.6074023
-0.39935657
-0.530864
0.01793433
0.25436008
-0.42394054
-0.4601579
0.5146348
-0.1653104
0.24581905
0.41693497
-0.9911094
0.5479269
-0.00513133
0.374616
-0.22570355
-0.05405214
-0.97958434
-0.5904805
-0.8631291
-0.73350215
0.5104119
-0.43997282
-0.042491063
0.37979683
0.6088804
0.69965595
0.6125034
0.38276446
0.5462929
0.0024750577
0.044257574
0.6920611
0.18396649
0.018020893
0.7468853
-0.7998746
0.2580108
-0.8772352
-0.89001405
-0.2013875
0.21252713
0.7853873
0.306248
0.45857662
-0.47355852
-0.79264325
-0.33140537
0.8643913
-0.6897968
1.1059349
-0.82376057
0.63304913
0.3174423
-0.6071481
0.66883504
-0.09742808
0.61434084
0.48999172
0.64235187
-0.28964746
0.46730214
-0.29392037
0.16779356
-0.4211297
-0.84450436
0.4120785
0.5137635
0.6622115
-0.2857312
-1.0527183
0.47907516
0.10262066
0.45726165
0.31640527
-0.92050666
0.28201142
0.59194165
-0.17203134
-0.301594
0.48835784
-0.12695463
0.112830706
0.2160401
-0.92062104
0.7863845
-0.30064744
0.6912992
0.111537516
-0.47859642
-0.8962911
-0.46984422
0.843825
0.70557773
-0.78580725
0.26380098
0.37877506
0.12678292
0.31426445
-0.7249972
0.22579955
-0.5194366
-0.27101895
-0.1769613
0.91130704
-0.70449203
-0.16841115
0.0338214
-0.20791544
0.7669032
0.048423078
-0.14476469
-0.41303226
0.6014336
0.010377124
-0.98807645
0.8378884
-0.005595826
0.452393
-0.26391092
0.4691466
-0.4929087
-0.11954318
0.82467455
0.69015324
-0.8598105
0.58794224
0.47539854
0.85047233
0.61472803
0.39072567
-0.81060404
0.08708348
0.031550303
0.38458893
0.26186067
0.46642968
-0.6747244
0.8053523
0.5903397
0.29544166
-0.36552706
1.0696801
-0.5443294
-0.37445253
0.21569781
0.6712199
0.14155972
0.70667136
0.3191015
-0.9859089
0.9163729
-0.31243023
0.08844604
0.7421618
0.47109747
-0.6752599
-0.13593666
0.37431377
-0.24633409
-0.7967568
0.7321582
0.37599787
0.49925214
-1.1850734
-0.16581309
-1.0316393
-1.1503557
0.5914451
0.23697114
-0.08951908
-0.73349005
0.18358257
0.22020103
-0.39512303
-0.85897315
0.79622155
-0.3339645
-0.5015129
0.76136446
-0.8288673
0.14543284
-0.64265144
-0.1325708
0.03691882
-0.7212703
0.5228879
0.66128796
-0.094328396
-0.40430623
0.5901593
0.56352484
-0.18421005
0.6788306
0.5186631
0.5286011
-0.26486146
-0.7446169
0.7120339
-0.24483861
-0.32975376
0.45674396
-0.10292117
0.8581074
-0.42781886
-0.39011645
-0.49889475
-0.54377484
-0.94189525
0.044932548
0.6773009
-0.1822129
-0.90951693
-0.37631738
0.783746
0.6671264
-0.66691554
0.44196615
0.11148537
-0.13700067
-0.92411816
-0.057837848
-0.19811033
-0.4160148
0.5995726
-0.6491909
0.07516421
0.36312035
0.33761048
-0.8678337
-0.9494062
0.3196801
0.36719504
0.13078797
0.4414612
0.87009263
-0.015686216
-0.2941845
0.27492446
0.3990477
-0.067797385
-0.45682272
-0.6783315
0.9786077
-0.29283115
-0.6043881
-0.40443823
-0.51946336
0.15979561
0.3951576
0.20890687
0.14639778
-0.008065237
0.9024995
-0.7062347
-0.35757178
-0.85273093
0.5592469
-0.8206013
0.26631853
0.93546265
-0.47642905
0.5340357
0.7614666
-0.3140982
-0.5930544
-1.1438917
0.17041098
0.15333796
-0.6231384
0.64462996
-0.66275865
-0.7896126
0.16861203
-0.5625094
0.06912269
0.70547426
-0.88310826
-0.6950189
0.7799477
0.093861684
0.7127469
-0.6026961
-0.20227355
0.3202497
0.42097294
0.3099422
0.6166643
-0.17098573
0.7357848
-0.48680413
0.47852397
-0.4752991
1.0286762
0.027728496
0.58009946
0.5053931
0.03386546
0.26106218
0.6832014
-0.81518495
-1.008331
-0.69324064
-0.1021146
-0.4294275
-0.72629976
-0.38492692
0.6228435
0.8969907
-0.7146759
-0.90257555
0.73635113
0.8043124
-0.91155666
-1.0134722
-0.3496602
-0.5484156
0.5570325
-0.41985717
0.37545225
0.54669756
0.67584175
0.8194695
-0.5796268
0.19742967
1.0554967
-0.1675376
0.5475534
-0.2318403
-0.7124298
-0.6657145
1.1610689
-0.22456633
-0.4242477
0.37402248
-0.48307124
-0.3553418
-0.4511234
-0.48812163
-0.20078304
-0.62569845
0.998502
0.944007
0.31302163
-0.9548162
-0.22741508
-0.5338893
-0.6466207
-0.13478777
-0.112846985
0.50559646
-0.47690627
0.456519
-0.25429615
-0.24897857
0.61098737
0.42031658
0.5939549
0.15320978
0.056932364
0.7591827
0.023740172
-0.45575157
0.46851715
0.4972258
0.69650805
-0.41430217
-1.0290573
-0.8828631
1.040052
-0.40320143
-0.6233384
0.3630421
-1.0066384
0.44568396
-0.16397612
1.0581044
-0.6418245
0.5922223
-0.58017653
-0.24051015
-0.69050145
0.3157243
0.9214255
0.15484662
0.46439713
-0.791585
0.59563714
0.037424784
0.5545958
-0.43094096
0.8707759
0.3412539
0.20948268
0.49236378
0.0021341338
1.1239902
0.057250585
-0.49546486
0.018292489
-0.6876289
0.57360095
-0.027754901
0.84352946
0.7219836
-0.78407305
-0.74270606
1.1797843
-0.60625833
-0.46870264
0.15476862
-0.09429422
-0.63722706
0.8240318
0.7459368
-0.93231314
0.21820173
-0.5318202
0.467193
-0.8005375
-0.07185785
-0.28101075
-0.49624357
0.43915394
0.009408117
-0.73690856
0.5376288
-0.73874044
0.5571881
0.2826152
-0.6825856
-0.40316644
0.28913236
-0.42004827
-0.52099645
1.0665221
-0.51034284
-0.6063806
-0.22113387
-0.4502969
0.9772496
0.6587859
1.028148
0.6360783
-0.05461618
0.03012412
0.10162924
-0.88438046
-0.367442
-0.87474835
0.5726473
0.4905316
-0.9134454
-0.20852797
-0.6545377
-0.1268163
0.08603339
0.7315216
0.3679603
0.26053575
-0.29241192
0.2762164
0.1633005
0.37584966
0.29785895
-0.6094477
-0.058083862
0.37582958
-0.7337944
0.4371359
0.29309794
-0.66668963
0.20963997
-0.04006816
0.26275468
0.93813115
-0.41646674
-0.25742117
-0.37551686
-0.5804301
-0.12192407
-0.7050569
-0.39259726
0.87927115
0.036568597
-0.60872245
0.43861485
-0.49478966
0.25133944
0.40350217
-0.522435
0.6528185
-0.80296034
0.33548453
0.18127838
-0.056624345
0.58090866
-0.12432324
-0.40370962
-0.42023706
0.58350176
-0.74963224
0.41645753
0.27390778
0.027921632
0.5372014
0.03423938
-0.17186682
-0.5510823
0.119195044
-0.10986338
-1.1281904
0.20759243
-0.20970704
-0.67135274
0.06922806
0.374176
-0.62914485
0.24069576
-1.0083721
-0.4053012
0.79065484
-0.5221322
0.017813945
-0.47772458
0.09647287
0.89319545
0.18763149
-0.20218171
-0.6590493
0.5689614
0.5730947
-0.72757375
0.8411717
0.9974095
-0.5681552
0.10829175
-0.5549798
0.8644092
-0.3654856
-0.27710772
0.51707786
0.81633604
0.74252623
0.41842362
0.015868735
-0.6561357
0.5382645
0.122494295
-0.41604936
-0.9844327
0.03372262
0.06310978
-0.09414085
-0.08538798
0.19328603
0.05511733
-0.9353026
-0.36969146
0.28054303
-0.5481863
0.4567436
-0.6511644
0.7627447
0.4612249
0.519769
-0.97481495
0.89496124
-0.2373695
-0.83012545
0.016017742
0.11842523
0.80755866
-0.48563185
-0.16168794
-0.5080603
0.21230444
0.38498434
0.120255515
-0.81799865
-0.7934332
-0.01712647
-0.23317353
0.841232
-0.6555128
0.15345143
-0.5664902
-0.34149334
-0.559393
-0.38163888
-0.803089
0.96489733
0.712661
0.68925184
0.21523641
0.24690068
-0.49133754
0.8421857
0.2664212
0.43400446
-0.5807426
0.08998869
-0.06313425
-0.3593667
-0.20814016
0.11177739
-0.6794707
0.56651795
0.90758955
0.22833331
-0.8697486
0.13538164
-0.2595369
-0.14465895
0.5254574
-0.70751023
0.6542178
0.2625836
0.7110334
-0.7544197
-0.7634795
-0.7694915
-0.07118214
0.97861433
0.5004886
0.04352001
0.3131016
-0.5616876
-0.28975785
0.35865167
-0.83384067
-0.05974979
-0.48035285
-0.20152819
0.69623035
-0.65142244
-0.635397
-0.6276963
0.17924468
0.97417825
0.6569512
-0.973879
0.4637218
-0.65330726
-0.112178266
-0.06676258
0.13669229
0.018633524
0.41550562
0.46907228
0.16406612
0.08752395
0.60444623
-0.27975708
-0.71674097
-0.025357343
0.37880945
0.68881816
0.32115605
0.015522147
0.19953994
-0.46222463
-0.48714474
-0.07028804
0.0065862224
-1.0113683
0.7665017
0.04123972
-0.636531
-0.65439177
1.0314648
0.60543525
0.8992502
-0.2631334
-0.67089623
-0.15734379
-0.5850597
0.34140927
0.6847579
0.022281818
-0.54458684
0.13042347
0.23918799
0.16180028
-0.56989676
-0.08434247
-0.9841462
-0.14285016
0.7026299
0.4927537
0.35095617
0.16523136
-0.7619016
0.36499652
-0.42517444
0.13700111
0.0036690782
-0.21548516
0.25409937
0.04881944
-0.08580862
0.054676946
-0.14074075
0.6321715
0.37213373
0.08562378
-0.3733656
0.69553655
-0.3369545
0.46886536
-0.2872472
0.81074935
0.42868704
0.85317254
-0.5872426
-0.27194104
-0.68078065
-0.13477372
-0.72585565
-0.35251674
0.5495981
0.37932175
-0.16320094
-1.0122492
-0.10410583
-0.7347295
0.03700326
0.17692292
0.71965075
-0.64036435
0.506911
0.8090835
-0.26312098
-0.38745204
-0.105183885
0.06902074
0.5853007
-0.6029128
-0.42296273
0.77493393
-0.85814226
-0.36693424
-0.88481045
-0.37382278
0.9193648
-0.05778509
0.08871953
-0.35896266
-0.7312273
1.0230225
-0.13726382
-0.22220181
0.98577553
0.70224476
-0.36513695
-0.16888836
-0.09657323
0.7106699
0.97468495
-0.091611765
0.7698084
-0.71614087
0.24829364
-1.1078484
-0.8205785
0.16496086
0.3393761
-0.14190087
-0.11850548
0.51538837
0.582849
0.45284936
-0.7142828
-0.76321226
0.62510943
-0.67848235
0.42177725
-0.42020473
0.8514603
0.72450906
-0.0023955356
0.52753264
-0.34302792
-0.49902406
0.66548634
-0.4699567
-0.866995
0.1494457
-0.8265415
0.22520001
0.12779546
0.16224122
0.29412308
-0.8181478
0.9943221
-0.20699261
-0.45205534
0.51521415
-0.23782957
0.17271297
0.09283676
-0.28459615
0.115470774
-0.1483553
-0.6536761
-0.22860286
0.28084478
-0.67972195
-0.38740474
0.7276107
0.80997187
0.69826496
-0.061121114
-0.82903934
-0.32996047
0.86327755
-0.56433195
0.38935113
0.40166226
0.27551112
0.2820123
-0.42579517
-0.38786736
-0.8338598
0.8772644
0.48589873
-0.4113084
0.8112983
-0.19573875
0.8657428
-0.79629743
0.6084387
-0.24973229
-0.113458686
0.80133975
-0.083395675
0.16565783
-0.8106781
0.08215635
-0.6107879
-0.13006052
0.06447994
-0.66041654
-0.5352805
0.20049596
0.76641005
0.32225028
0.9057701
0.6076797
-0.1834309
-0.2559794
-0.090986155
-0.17695175
0.28905693
-0.48483875
0.13620177
0.86248595
0.7860099
-0.80925876
-0.43918523
-0.6252365
0.5473338
-0.13100743
0.17115822
-0.06384269
-0.629042
0.6195674
0.21870461
0.99227405
0.27082935
-0.61427414
-0.4851272
0.736334
0.3034608
0.9891074
-0.35881793
0.8952564
0.3166197
-0.24848086
0.2532599
0.38645345
0.9457775
-0.53327954
0.45131654
-2.396678E-4
0.56738234
-0.82763934
-0.9671805
0.56097704
-0.6740286
0.6655173
0.09910326
0.1529087
-0.41319045
0.5433363
-0.56522405
0.4702489
0.60797685
-0.30337977
0.6341142
0.5530069
-0.8004738
-0.7426434
0.2999148
-0.19583681
-1.0223145
0.83361715
-0.247023
0.3917355
0.54446197
0.045798354
0.40678027
0.077632256
0.23117845
0.80518836
-0.84274155
0.6388481
0.4033405
0.74849623
-0.57288253
-0.14788526
-1.0516949
-0.79739743
-0.028735423
0.4777698
0.5449764
0.75586027
-0.3084726
-0.71604973
-0.07110748
-0.5720298
-0.89032376
0.911544
-0.7199867
-0.7809376
0.2692837
0.08919041
0.7435941
-0.122949086
-0.17527777
-0.18393663
0.32176152
-0.8718523
0.5189342
-0.034112185
-0.42028004
0.15083964
-0.32746413
-0.061820623
0.221665
-0.6824966
0.88591963
-0.5275915
0.25220275
0.55038774
-0.22675274
0.3250076
-0.045037255
-0.27860415
0.6964095
0.44055197
0.60381985
-0.73138815
-0.039240915
-0.22660248
0.19241332
-0.3066259
0.77272624
-0.6820844
-0.41517776
0.010725971
-0.40685004
0.788154
-0.85131115
-0.06153454
-0.1159653
-0.033527646
0.82978606
0.3257755
-0.94031453
-0.34824023
0.6918326
0.18286678
0.39873147
-0.1037813
-0.5478905
-0.48831478
0.6541233
-0.062640704
-0.48481056
0.4818846
-0.39289245
0.34172067
0.92595816
-0.8176897
0.02118329
0.6970805
-0.15488175
0.39431706
0.27088225
-0.6025968
0.56646293
-0.3242887
0.6396784
-0.024528995
-0.5876798
0.22671025
-0.02249117
-0.46931827
0.23032376
-1.042004
0.3546423
0.73456323
0.5672644
0.07553478
-0.6667715
-0.28081438
0.624787
-0.14496662
-0.49147213
0.5955314
-0.22147332
-1.1027089
0.28711206
0.07925347
0.0066262386
0.31219658
0.8609819
-0.9806945
0.28347757
0.54984826
-0.4468337
0.6140311
-0.24016984
-0.27605003
-0.24462052
0.79382473
-0.02730828
-0.46647903
-0.9607665
-0.35123587
-0.21126297
0.20566083
-1.026593
0.80660814
0.8781002
-0.66939074
-0.22012033
0.16337693
-0.62564075
0.4194594
-0.30531818
0.25047475
0.6321496
-0.8274278
-0.09161811
-0.2149416
-0.25592422
-0.93663496
0.2912082
-0.6302078
-0.63934475
0.65468746
-0.7432735
-0.5343565
0.41746834
-0.7471503
0.67558664
0.5831745
-0.2518367
-0.49400854
-0.32240164
-0.12622929
-0.206471
0.25449842
-0.7901544
0.3029544
-0.9219843
0.6477726
-0.45656183
-0.21944073
-0.0694959
-0.5738198
-0.44056374
-0.6262706
0.23681696
0.4471738
-0.60377157
-0.4205878
-0.44431716
-0.5757966
0.13336574
-0.36293086
0.76130724
-0.7229172
0.7474561
0.03017908
0.21514651
-0.65369695
-0.53755105
-0.18315479
0.61352843
0.08400904
-0.72265667
-0.21538115
-0.59858215
0.10077085
-0.01563128
-0.25498602
-0.44099587
-0.3519377
0.094821714
0.295528
0.92822427
-0.53250647
-0.107091285
-0.20072974
-0.09772166
0.09895329
0.12713113
0.051732715
-0.40968132
-0.35460404
0.82143027
0.81386596
-0.1420763
0.9363149
-0.8377345
-0.53780454
0.85225636
0.6877738
-0.1095923
0.6858933
0.2601538
-0.21231988
0.10098489
-0.75222695
0.9256743
0.056197207
-0.29890925
0.16135047
-0.07976431
-0.89629954
-0.6616444
-0.76959544
-0.6345664
0.13672055
0.35539812
0.09947022
0.8263504
0.73381704
-0.6473175
-0.37725046
-0.9924489
0.50708675
0.39260453
-0.85889184
-0.14293616
-0.78637993
0.5837076
-0.7944159
0.13051565
-0.1469159
0.044515483
-0.33554503
-0.5722265
-0.002057597
-0.35027862
0.36751226
-0.11760583
-0.3791674
0.11243102
0.8532563
0.29668492
-0.28175715
-0.09917907
-0.89863044
0.6448377
-0.73085773
0.56773365
0.66754454
1.0855103
-0.58278716
0.5958816
-0.73762023
-0.7990101
0.6575424
-0.39522105
0.035550218
0.5097975
-0.7328611
0.13505837
0.41746572
0.20565447
0.83602947
-0.50837296
-0.19393735
-0.82259494
-0.4216552
1.0433252
-0.11276034
0.21689759
0.18799336
0.7741022
-0.78786385
-0.5264044
0.58912915
-0.14261584
-0.5373965
0.06859703
-0.053174295
-0.08306587
0.44406444
-0.033714082
-0.27209148
-0.6480513
0.33252206
-0.20676406
-0.5325803
0.49679318
-0.5789238
0.47301456
-0.800222
-0.9735003
0.8576909
-0.26132247
0.52553177
0.024912583
-0.2896405
-1.0439833
-0.036134046
0.2975672
0.13166171
0.6809886
0.39001882
-0.62394035
0.8288842
-0.21268566
-0.045733843
-0.036398172
0.30425584
0.23424166
-0.1186123
0.13838786
0.715202
-0.2739487
0.33082673
-0.46341994
0.75367165
-0.045278136
0.6300608
-0.10653472
0.39310944
0.9118073
-0.91378325
0.7316366
-0.4033103
-0.36553055
0.7295758
0.60888886
-0.5407525
-0.24793378
-0.15996309
-0.65358084
-0.5365195
0.06536051
0.9741842
-0.34005713
1.1043576
-0.75335187
0.27560696
-0.35353664
1.1446066
-0.37900296
0.20637985
-0.3659203
0.5774175
-0.8155991
0.4641383
-0.027020732
0.8910113
0.31408978
-0.22922328
0.9990764
-0.26426506
-0.44113758
-0.13654439
0.32161853
0.8555267
-0.52247006
0.30865893
0.19812328
0.22201268
0.61063516
0.21322322
0.4830263
-1.0618731
-0.23134647
-0.4410682
0.7088948
0.12628837
0.54826945
-0.0651312
-0.3507367
0.6045046
0.76568186
0.001918135
-1.0087305
0.37147748
0.5529592
-1.1126438
0.14540818
0.14984386
0.43927002
0.50700855
-0.88700897
0.16095552
-0.83047926
-0.15065804
-0.088700905
0.2307511
-0.68510264
-0.3573027
0.7519515
-0.32703277
0.7420323
0.43924922
-1.0790308
0.25846845
0.010383134
-0.87400365
0.3779015
0.77067065
0.16245426
0.38538405
0.854734
-0.05765102
0.6815574
-0.16255428
0.006812222
0.56591564
-0.725992
0.3152879
0.70553595
-0.057872746
0.4271991
-0.3452643
0.42135292
-0.9736996
0.17041163
-0.7486058
-0.41558212
0.87840813
-0.48174712
0.13644733
0.11088081
0.69619167
0.5553569
-0.09292821
0.4234248
0.03430636
0.6763031
-0.18503527
-1.0400263
0.0030183927
0.7709678
8.1547437E-4
-0.28458744
0.7865576
-0.24408628
-0.5523451
-0.76749194
0.4428419
-0.10469248
-0.32511854
-0.6921691
-0.54909724
-0.25747317
0.7762047
-0.21984394
0.26376116
-0.5047983
0.9363006
-0.5575332
-0.46944898
0.64079064
0.091757156
0.33779356
-0.18693984
-0.13978824
-0.07883599
0.1749533
-0.8300327
-0.79126006
0.027960632
-0.74951786
0.48236144
0.69181985
-0.67028075
0.05686206
0.44148314
0.47011453
0.5943306
0.0014337173
0.47145566
0.75345117
-0.58233714
0.28003955
-0.40390617
-0.0037868528
0.17504951
0.31145442
-0.8465197
0.027229458
0.92872936
-0.28433675
0.7889833
0.25987032
-0.04946746
0.09453445
0.7279166
-0.75928664
-0.043260768
0.2971011
-0.23622689
0.4113159
-0.53390586
-0.05275163
-0.4147709
-0.21542476
-0.23877965
-0.12717481
0.7156422
-0.14561957
0.54247916
0.8561875
-0.1176013
0.3844526
0.22225729
-0.64510274
0.72718084
-0.49582857
0.06149227
0.3954525
0.260407
0.034411896
-0.21050572
-0.5097117
0.9229081
-0.44571266
0.24214576
0.9320014
0.37827307
0.8446681
-0.15936813
-0.34160322
-0.924405
0.35568646
-0.53547686
-0.19918615
0.686594
-0.17456171
0.16683905
-0.83029836
-0.5378911
0.9635325
-0.9121113
-0.3271751
0.41805413
0.64361095
0.72508913
0.8642547
0.07420155
-0.72018456
-0.08956032
-0.7649496
0.045023534
0.7467402
-0.10400935
0.60218036
0.005909431
-0.535861
0.3638025
-0.5841084
-0.7406507
0.16141362
0.40575552
0.40072682
0.7563
0.58006364
-0.49289206
-0.38348913
-0.48065424
-0.6573559
0.5752863
0.5630288
-0.9671332
0.1224885
0.8599505
-0.0950888
-0.28244635
0.14451082
0.28327286
0.37549606
0.71203965
0.18061551
0.7145463
0.5756798
-1.0251745
-0.34298885
-0.16181062
0.2640459
0.02304876
0.7120458
0.01600099
-0.9209499
0.22791961
0.5479679
-0.36879843
0.047076005
0.1860431
0.29757246
-0.23041347
0.60962856
-0.5187738
-0.5049597
0.1877111
0.49730784
-0.7181532
-0.26399603
0.2410073
-0.033998583
-0.50156903
-0.5223572
-0.08948116
1.01057
0.06154999
-0.9361367
-0.33980256
0.80484855
-0.33917958
0.83904094
0.23477708
0.23627901
0.29994488
-0.3201822
0.20900074
0.13919647
-0.19451936
-0.008509573
0.30478078
-0.15444249
-0.23500001
-0.5900658
-0.32395637
-0.09774752
-0.6917643
0.6511556
-0.42565188
-0.0711992
0.07983112
-0.7804908
0.14334533
0.69021934
-0.7387796
1.0309734
0.6376157
0.18624163
-0.15559936
0.23781595
-0.5033677
-0.8773507
-0.43197063
0.12305622
0.7163523
0.35483333
0.29855478
-0.86639667
0.6443144
0.0526972
0.92841774
-0.8400637
-0.6198148
0.15496019
0.36040428
-0.6736166
0.66573286
0.13723339
0.23597154
0.6095626
-0.16371517
-0.7287159
-0.5565558
0.08378348
-0.033434734
-0.20436344
0.20164236
0.2873783
-0.33183444
0.8103503
0.44720665
0.49295136
0.07296331
0.1783643
-0.3661008
0.55356663
0.6875385
-0.78009963
0.40029553
-0.7774747
0.2713699
-0.7987893
-0.332891
-0.5475783
-0.25177673
0.34634554
-1.0715598
-0.38311926
1.1087404
-0.38648415
-0.33818835
0.1563486
0.33066836
0.26522455
-0.04528284
-0.6361018
0.06805649
0.26967123
-1.0247079
-1.0264827
-0.5057659
0.033442426
0.52453667
-0.44658604
-0.3607194
0.9997518
-0.5437431
1.0923824
-0.57871586
-0.35110506
-0.80152416
-0.11472052
0.16811006
-0.76066935
-0.42429236
0.9132267
0.04836036
-0.27143735
-0.22468679
-0.20417148
-0.44893748
0.92558694
0.73370403
0.5332024
-0.74649143
0.27644256
0.8398172
0.75354975
-0.40007907
-0.3244347
0.5727004
0.78176534
-0.978358
0.1910745
-0.90206766
-0.79537225
-0.8123972
0.5321354
-0.79776514
-0.17951888
0.09483681
-0.8299645
-0.47140992
0.5497664
0.724571
0.83443165
-0.5978578
-0.8249712
0.0801436
-0.7529551
-0.19560914
1.3410926
-0.6630529
0.24917348
0.40148488
-0.5861947
-0.7773465
0.46952465
-0.76317984
0.022350222
0.119544126
-0.23765464
-0.038342383
-0.05094725
0.023257077
-0.8989836
-1.0358083
-0.13995434
0.70012134
0.05343382
0.5688455
0.4753343
0.0604647
0.6979974
-0.91726816
-1.1409786
0.54247403
-0.029669525
0.4542134
-0.09685442
-0.030908966
0.19736485
0.5563344
-0.4525276
-0.0949692
0.18093935
-0.53625214
-0.026239311
-0.4856671
-0.6232702
0.2657182
0.65195495
0.34998772
-0.36320677
0.21776354
0.4624994
-0.19563581
-0.35588276
0.09315684
0.71982896
0.64042497
-0.48885253
-0.80527323
0.11165317
-0.79630446
0.1829317
-0.26536775
0.6372229
0.66405493
0.053555965
-0.49172783
0.047255304
0.483742
-0.7690631
0.053408395
1.1736752
0.05478521
0.60786515
0.13720123
-1.0462227
0.6160992
-0.47457248
-0.33033603
-0.2665304
0.7889765
-0.8274957
0.44243345
-0.45209458
-0.84254193
0.5248369
-0.26866505
0.62794006
-0.20439893
0.526085
-0.0722271
0.14583376
-0.30456594
0.7140614
-0.6142281
-0.81836504
0.5808582
-0.041681234
0.7780193
0.7028179
-0.7296893
-0.79834676
0.97644097
0.2385627
0.32348016
-0.39918366
0.38611433
0.3682805
-0.7254766
0.6493812
-0.9448453
0.5976809
0.31108466
-0.3772739
-0.6818737
-0.5515979
-0.3856426
0.9859245
0.6284916
-0.6701008
-0.9082888
0.3617734
-0.65956664
-0.06694858
-0.36283723
0.5095528
0.6212042
0.4287086
-0.4458415
-0.81269926
0.2783399
0.612548
0.3169601
-0.064324856
0.48506796
-0.8465831
0.008265071
-0.5552451
0.0527128
-0.76811576
0.41111168
0.7244881
0.7069181
-1.0516338
0.7018068
0.5752053
0.09903271
-0.15903126
-0.5602733
-1.0434083
-0.2769427
0.8675011
0.5395824
-0.47483903
0.9762563
-0.60589594
-0.6396269
0.11411346
-0.20054235
-0.47195622
-0.6983756
-0.4018447
0.54315406
-0.96357477
-0.21589121
0.19106713
-0.81884944
1.00871
-0.44794884
0.9900505
-0.8820667
0.33345214
-0.62731844
-0.921616
-0.18139195
0.4244889
0.75845385
-0.23073973
-0.43058193
0.95054334
-0.44258964
0.44420615
-0.47436574
-0.03849538
0.40346006
-0.9906394
-0.57141083
0.857375
0.7742791
0.8794728
-0.63694817
-0.122007824
-0.2078037
0.19965106
-0.8648241
0.5849622
0.36629647
0.9488326
-0.6928367
0.015802419
-0.88843423
0.4565791
0.7442611
0.08581813
-0.005011642
0.20790477
-0.22133124
-0.102627516
-0.22451401
-0.4414686
0.7226804
-0.6250464
0.4967046
-0.14109905
-1.0474827
0.20613463
0.45614317
0.7562611
-0.99950117
0.47686365
-0.296714
0.5767843
-0.17041838
0.13972461
0.1462277
-0.6084659
-0.12526183
0.6574893
-0.25455216
0.52726984
-0.5682757
-0.54190016
0.4718801
0.79323936
-0.117549315
-0.9780031
0.54811084
-0.74422455
-0.021636758
0.34575698
-0.7134937
-0.024427265
0.4688392
0.6662076
-1.1190169
0.43573362
0.397909
-0.40833282
0.22981639
-0.4974294
-0.1777741
0.5831967
-1.0450025
0.8259125
-0.23690495
0.18071668
-0.59560055
0.847705
-0.12270424
-0.121034876
-0.018686157
0.52701014
-0.5022821
-0.19092657
-0.6828904
0.016302245
0.44374716
0.09474538
0.5466893
-0.48483464
0.596128
-0.54608035
0.80917436
-0.5276693
-0.6467967
0.59339774
-0.84540397
0.1914317
0.0078288205
-0.30826175
0.28791076
-0.79752946
0.5914712
-0.45965666
-0.10566672
0.68383366
0.50763845
-0.052942734
-0.14081173
0.012714125
-0.63214433
-0.7202413
0.37025982
0.65105355
0.37485856
-0.98435885
0.58107495
0.5922395
0.0028465092
0.37180084
0.47850996
0.18098147
0.17172846
-0.67707413
-0.40898767
-0.77830166
0.31767714
-0.019844357
-0.49873522
0.28357545
0.121161126
-0.673954
-0.4232081
0.6572752
0.43583587
0.45431858
0.15527995
0.40136412
-0.6232567
0.4172454
0.09514902
0.4014547
-0.28308338
-0.80400044
-0.05871569
-0.8847785
-0.1201925
-0.36618045
1.0351901
-0.69966924
0.46680528
0.008891946
-0.9517811
0.53280246
-0.20355302
-0.5273715
0.46177056
-0.9220913
-0.87506086
-0.21316661
0.81189835
0.5632344
0.4871527
0.0010348968
0.6879754
-0.18071528
-0.7773446
-0.38277102
-0.3501579
0.7082918
-0.63081545
-0.2078601
-0.4857577
0.76667404
-0.32337746
0.07671627
-0.7617952
0.7172004
-0.189853
-0.07411098
-0.37349588
-0.41906154
0.4538299
-0.45674905
0.2964389
0.14989336
-0.6202859
-0.87907493
-0.40946078
0.30016902
0.01563441
0.500021
-0.777897
-0.36410922
-0.794701
0.768601
-0.09831846
0.83527976
-0.3320242
0.14510596
-0.98581254
0.4610338
0.61240876
0.105755
-0.59268445
0.042197786
-0.75340855
0.18808883
0.008947921
0.5016046
-0.16216698
-0.15791619
-0.1052509
0.1425027
0.35167912
0.372558
0.8419875
-0.18364125
-0.32643303
0.5975381
-0.44975093
-0.56927365
-0.1021786
0.26667976
0.4050471
0.58100384
-0.010276967
-0.59182525
0.79909426
-0.17681494
0.20800702
0.89479655
0.16928062
-0.12019999
0.24728991
-0.35511035
-0.3512683
-0.81928927
-0.7975882
-0.34352297
-0.19927353
-0.115043715
0.29322818
0.09159426
0.5715041
0.67437387
0.019323427
-0.06331794
0.8091773
0.34529713
-0.2566588
0.20722085
-0.6225787
-0.12773402
0.3016191
-0.84163195
0.5017576
-0.91794497
0.47066545
0.44973263
-0.68198305
0.01633796
-0.5454031
0.20303209
0.7585722
0.016370265
-0.4266141
-0.54067177
-0.41225758
0.17357983
-0.3687225
0.084451795
0.5774155
-0.03765884
-0.36766377
0.32404938
-0.7908302
0.16448145
0.15317903
0.7412427
-0.36420134
0.073450506
0.71023214
-0.52494895
0.6980967
-0.77936196
-0.026665354
-0.2739962
-0.59960645
0.08673165
-0.797117
0.68515885
-0.6198387
0.50312626
-0.6949537
-0.49065527
0.91167855
0.9266905
1.0495244
0.36520115
-0.14204548
0.2977862
0.13586926
-0.64764017
-0.26941937
-0.5789287
-0.43130845
-0.03498249
-0.20169494
-0.29838404
0.7256812
-0.80585593
0.29497397
0.3978566
-0.7567055
-0.16558674
0.46611515
0.19558842
0.42500925
0.12498497
-0.25697812
0.16519925
-0.057614256
0.4039982
-4.8405945E-4
-0.08048346
-0.11721431
-0.70977163
0.73464674
7.9151185E-4
-0.586224
-0.0060048937
-0.70675707
0.103572704
0.605797
0.6290782
-0.8624872
0.38966542
0.3150291
0.045534212
0.31100428
0.4209588
-0.75229686
0.7312064
-0.30337057
0.061125237
-0.33601135
-0.67805827
-0.57004416
-0.5489649
0.35428318
0.124581665
0.032180186
0.057373133
0.7590921
-0.90648067
-0.1019384
0.28228167
0.4738804
-0.22877102
0.3659479
0.63075554
-0.19182448
-0.19706802
0.44194224
0.28660402
-0.078059785
0.36364442
0.654018
0.80882615
0.31959525
0.54635197
-0.041936565
-0.18259653
-0.59225535
0.60595614
0.41198838
0.68606687
0.6205398
-0.32306966
0.5927464
0.8032464
-0.9421208
0.6910512
-0.9541284
0.21737017
0.7664966
0.18295132
0.82280886
-1.0380954
-0.10042505
-0.40332144
-0.49652615
0.9587448
-0.319403
1.0459279
0.030502705
-0.34599978
0.27395672
-0.530583
-0.58057296
-0.45239595
0.6262354
-0.2737369
-0.32618755
0.79489625
0.3720441
-0.09352256
0.010178806
-0.84538877
0.44449142
-0.025834776
0.85014623
0.1042368
0.6325183
-0.21389805
-0.73704934
-0.42960864
-0.112062834
0.055004746
-0.20840502
-0.47342798
0.6976174
-0.5983571
0.45827273
0.09978637
0.06342941
-0.50681454
-0.40378886
0.48217282
0.7107136
0.5813349
0.9536727
-0.70473856
-0.077541254
-0.83747035
0.024820128
0.6130517
0.7014057
-0.42199913
0.23554812
-0.3137314
-0.6269301
-0.17362878
-0.4818942
0.9005504
0.35529944
-0.4847643
-0.6939464
-0.6545136
0.6946324
0.03142303
0.8259782
0.77115536
-0.5847697
-0.42088708
1.0268842
-0.49195474
-0.14949596
-0.47008294
0.16803595
0.21529503
-0.42165798
0.67499584
-0.20852703
0.92690927
-0.35665727
1.0185095
0.527912
-0.9076743
-0.5462611
-0.26429626
-0.05577054
0.9011237
0.60601294
0.8304314
0.34002563
-1.0150125
0.42436624
-0.34563738
-0.29187745
0.10994301
0.7765627
-0.024541205
0.53780746
0.54048973
0.5692199
-0.812968
-0.018345287
0.13745366
0.92878264
-0.46802214
-0.6544026
0.114977874
0.4359071
-0.92007256
-0.9764623
-0.32043454
0.5899319
-0.55519027
-0.6406847
0.9425299
0.24858734
0.50708574
0.16054377
-0.2655633
-0.95987487
0.27149814
-0.0027635752
-0.77021754
0.29202905
-0.12024444
-0.25593233
0.4668446
0.73243207
-0.36686754
0.67022526
-0.60396945
0.21334712
1.0059083
-0.025886187
0.17846856
-0.60826236
0.7337328
-0.19600151
0.15752791
0.70752466
0.5048759
-0.5205769
-0.3357872
-0.603747
-0.0057525733
0.6304094
0.32915
-0.16726321
0.79217535
-0.4069778
-0.1709576
0.38702294
0.070079915
0.8995609
0.24004596
0.67341423
0.44858044
0.30476686
0.027666466
0.43625313
-0.9130829
0.6853908
0.3613683
0.09381287
-0.10521902
-0.05950723
0.017159183
-0.7217807
-0.92879397
0.1931395
0.74237555
0.50560886
-0.8190796
-0.6739266
0.13031265
-0.87807286
0.0024808107
-0.6263854
0.30416054
0.19720411
-0.90822613
-0.74692506
0.5825303
0.27325565
-0.2827006
0.36186558
0.070409976
-0.1532405
-0.32194877
0.66752946
0.727209
0.6783641
0.647903
-0.65937513
-1.103267
0.3205155
-0.2161583
-0.8673762
-0.23832352
0.19264235
-0.91824615
-0.40177533
-0.33401665
0.6303343
-0.60421705
1.0640842
0.27981287
0.81474715
-0.7129734
-0.101864725
-0.5249804
-0.599109
0.64206994
-0.8271736
0.33537015
0.14286362
0.3486059
-0.25927198
-0.548005
-0.72284377
0.048466418
0.52354795
0.21559875
0.74676293
0.21796177
-0.6379534
0.41424236
0.23744573
0.44616336
-0.9716427
-0.36968955
-0.157347
-0.38033757
0.5344364
-0.5054688
-0.56989986
0.57995033
0.012049934
-0.6461099
-0.62581104
0.58944863
0.31749427
0.4969007
0.49088624
0.21401645
0.6186734
0.3438087
-0.15959789
-0.7740931
0.8053534
-0.11367614
-0.102991715
-0.72410643
-0.54185086
0.8729047
-0.48003927
0.16339596
0.3653261
0.21803892
-0.4910475
0.47670847
-0.66884094
0.9125033
0.21781231
0.24595898
-1.0247139
0.40073997
0.7498372
-0.7214217
0.6181182
-0.7225863
-0.6961724
-0.099435806
-0.98823076
0.45237663
-0.027844394
0.6387027
0.053650677
-0.511685
-0.52065873
-0.56594974
-0.42992613
0.23649341
0.8096422
-0.25747558
0.20867474
0.56459934
0.1876045
-0.080994725
-0.54409474
0.8458771
-0.18900853
-0.21555397
-0.3124202
0.27698764
-0.6626077
0.8400808
0.010669502
0.23102233
-0.63350785
-0.33837587
0.40523592
0.30162802
-0.6732208
-0.6828709
0.5910093
0.13359194
0.10553085
0.3962353
-1.206885
0.481761
0.19275375
0.3675855
0.3974023
0.35629582
-0.0878171
0.32062516
0.6858155
-0.38206157
-0.17365572
-0.13995728
-0.23234248
-0.92143744
-0.58600485
0.7700143
0.04693779
0.5449656
0.3010765
0.5379888
0.5489167
-0.51745915
-0.26668078
-1.0998627
-0.6971928
0.6519144
-1.0974625
0.9098812
0.8842841
-0.20519833
-0.7285638
-0.41215116
0.16241814
0.2614133
-0.62016433
-0.40916267
0.012920179
-0.2275353
-0.16584
0.27630004
0.5181254
0.8155858
-0.8335205
0.13088034
0.12950099
-0.24760732
-0.27672222
0.7455126
-0.72515744
0.15178667
-0.063385434
0.72705346
-0.7145765
-0.8127029
-0.06740976
0.38171268
0.67640746
-0.7195004
0.78386647
0.5425967
0.77942574
0.052098636
-0.94335836
-0.3505648
0.61810625
-0.99186474
0.8590328
-0.15970191
-0.719878
-0.62506396
0.5732142
-0.9618603
0.3467405
0.302014
-0.7032932
0.017428378
-0.2520449
-0.76396465
-0.58770126
0.91027963
-0.5600776
0.56024885
0.102619104
-0.21048926
-0.33481687
-0.26119342
-0.25482044
0.8844786
0.6118322
0.017766522
-0.3737493
-0.052346557
0.089599505
0.94789195
0.31851265
-0.9031516
-0.7608657
1.0644445
0.083838835
0.86091316
-0.23580164
0.73940605
-0.7457791
0.574488
-0.54441166
0.24662203
0.65004826
-1.169333
0.1340116
-0.2781252
-0.30636036
0.4812994
-1.0373342
0.34095603
0.92075187
0.3871567
-0.91994625
1.0761973
0.025394978
0.7517082
-0.11485994
0.17433374
-0.6806851
-0.6061301
0.15212034
0.22263369
0.022580076
-1.1082865
0.35193995
-0.6278088
-0.7144519
0.28749463
-0.5554519
0.43784073
-0.14971691
0.54626286
0.21726292
0.27241218
0.23062971
-0.9788986
1.0638224
-0.2030101
0.38348988
-0.2810098
-0.16622345
-0.719917
0.32355398
0.8095337
-0.4546318
-0.3700341
0.10115506
0.41078293
0.23244655
-0.49429113
0.56986403
-0.12115468
0.09026692
-0.12618129
0.6351709
-0.8257686
-0.09774541
-0.4988127
0.87975997
-0.8774549
0.7407867
-0.6412824
-0.17611212
0.09834904
0.535725
0.3718471
0.5224865
-0.33718744
-0.72097373
-0.80866075
-0.4110494
-0.8243373
0.06866241
0.1644823
-0.3654983
0.54907614
0.6320284
0.8233565
-0.8231939
0.12826817
0.26317683
0.14443845
0.26216945
-1.0966675
0.32585505
-0.0060561723
0.4387415
-0.3783899
-0.059276726
-0.3061719
-0.4342287
-0.64960957
1.0574713
0.46378994
-0.5883315
0.24284145
-0.33508497
0.3422353
-0.376842
-0.49656627
0.692154
0.4722219
-0.80925214
0.17256923
-0.39163634
-0.19145592
-0.6795644
-0.43729773
0.11100387
0.9790014
0.11849773
0.5789025
-0.4289833
0.6948467
0.15210377
-1.0207345
-0.33256558
-0.09873867
0.6928233
-0.6654192
-0.76918864
-0.4849407
0.5977675
0.7599445
0.051020082
-0.9812902
0.8813591
-0.8514873
1.0642883
-0.12612149
-0.7255004
-0.49437293
-0.7180274
-0.62142444
-0.21504763
-0.16704509
-0.7175896
0.50331575
0.45377553
-0.4809093
0.59792465
0.6008829
0.8297903
-0.8010454
0.62393034
-0.44514775
0.65605646
-0.40144315
0.77060264
-0.5636106
0.6103824
-0.093560815
0.3859193
-0.26353905
-0.5756711
-0.33276045
1.0379975
-0.5686879
0.9061746
-0.26272777
0.38877898
0.7472501
0.43755305
0.6157216
0.7152674
-0.5294824
-0.8057969
0.2937989
-0.4023826
-0.23762335
0.024103235
-0.21762201
0.68655396
0.6874187
-0.32448062
0.012792096
-0.6350258
-0.8178762
-0.24340393
1.0381234
-0.65221614
0.6870092
0.47066998
0.107627295
-0.4470625
0.7159707
0.5063283
0.45788738
-0.41039792
-0.23713651
-0.39373666
-0.5401172
-0.10726049
0.09111731
-0.11002557
-0.67716116
0.6207504
0.6414706
-0.14492959
0.36743402
-0.7719369
0.43579736
-0.124801785
-0.8309444
0.08803893
0.31112146
0.20436868
-1.0311381
-0.24725987
0.4900653
0.78662705
-0.22422728
-0.26535383
-0.3616353
-0.62118876
0.54654944
-0.82228667
0.21611665
-0.5452021
0.77341723
0.43162662
0.33676827
-0.30567238
0.3772879
-1.2585732
-0.6434692
0.5536024
0.4467113
0.3009913
0.18906985
-0.36285076
0.7649782
0.3366782
0.04553174
0.3562309
-0.17587553
-0.8991458
-0.18370067
-0.3498732
0.04038972
0.17517602
0.36523762
-0.14019461
0.4987851
-0.05594977
-0.40871397
-0.20895658
0.7265926
-0.18564627
-0.7437726
0.6793059
-0.04055218
0.47177815
0.9267515
-0.3124953
0.0028795763
-0.006671133
-0.15848912
0.8379913
-0.88389766
0.106676094
0.5747809
0.106222935
0.5299585
0.71642864
-0.93474376
-0.16509831
-0.39298922
0.32850227
0.49733722
-0.20468302
-0.43863302
-0.56382143
-0.27828085
-0.2905959
0.33736062
-0.30191725
0.3350634
0.6970813
-0.12226541
0.2633387
-0.62136775
-0.045547497
1.0542161
-0.21291475
0.054576524
-0.53689754
-0.84004205
0.2321441
-0.3596868
0.9103725
-0.57128274
0.35983253
-0.25164947
-0.46180242
-0.67091274
0.8860646
0.45192572
-0.0019134405
0.10682905
0.17046885
0.42652452
0.37116548
8.6630404E-4
0.16412136
0.50774413
-0.6770617
-0.12591316
-0.5371451
-0.2170459
0.65807086
-0.8987126
0.7250675
0.5762895
0.60010576
-0.90964913
-0.61770666
0.5884923
0.63096553
0.39288732
-0.909693
0.5192312
-0.065085046
0.7883101
-0.11053877
-0.40987998
-0.9268794
0.4779617
-0.53361636
-0.0012228297
0.87518865
0.11943404
-0.5879904
-0.5881046
1.0319108
-0.8597141
-0.0988359
0.73539007
-0.57343763
-0.14551124
-0.8305387
-0.235502
1.0110419
-0.961229
0.09471294
0.24579342
0.21585444
-0.57456803
-0.24516112
-0.9048224
-0.3504863
-0.7485303
-0.1416291
0.3526211
0.7258721
0.14462152
0.130059
0.3224924
-0.844132
-0.49684083
-0.95293474
0.75705147
-0.10563602
0.81224805
-0.21835281
0.92751527
-0.8520997
-0.41638413
1.0126514
-0.44279966
-0.8274505
-0.4205374
-0.256379
-0.29887488
-0.52248836
0.11323928
0.72388774
-0.28433493
-0.57528
0.40354908
0.6403327
0.063084446
-0.19900842
0.13509285
0.4382532
0.51090485
-0.27598426
-0.15471615
0.9121766
-0.34412378
0.24429607
-0.3619783
0.57795906
-0.24063595
-0.7922734
0.24698822
-0.04176216
-0.5164239
-0.23127495
0.50257677
-0.6528751
-0.23044254
0.630981
0.264901
0.25033018
-0.58158845
0.6042541
0.356484
-0.042157046
0.084303804
0.20242816
0.25032163
0.7623299
-1.0262235
0.43944407
-0.72337204
-0.3438844
0.29077035
-0.56646925
-0.58846706
0.68762016
-0.1793368
0.514763
-0.07169688
0.060353875
-0.44524762
0.9491172
0.7608515
-0.25521782
0.56474215
0.6514529
0.70813966
0.7976297
-0.97722256
-0.78058887
0.58616066
-0.103264466
-0.6789262
-0.36982262
0.43334186
0.19952464
0.93664795
-0.12843326
-0.07946685
0.8226664
0.3823824
-0.7207119
0.48955616
-0.35939324
0.49391022
-0.566796
-0.21696284
0.033140033
-0.27499047
-0.7346576
0.8141395
0.8007054
0.24878967
0.56524444
-0.76286006
-0.3360129
0.07248512
0.16781487
-0.26255077
0.5598285
0.06728052
0.1631568
0.73190063
-0.2163728
-0.6092318
-0.9541556
0.59564793
-0.5618621
-0.3988876
0.6817549
0.0999604
-0.31110114
-0.39718577
1.0571245
0.27579287
0.8334662
0.73502004
0.86100227
0.41514122
0.26095232
0.6190451
-0.76310134
0.8126103
0.10452203
0.5839056
-0.3414719
-1.0926781
-0.7523792
-0.20493922
0.54327106
0.08293875
0.28537995
0.54881006
-0.8069974
0.0124782
0.3333748
-0.26262712
-0.35810658
-0.494788
0.6886828
0.87214494
0.23448156
-0.17858312
0.22380497
-0.93476456
-0.5057268
0.7106557
-0.49313408
0.38207528
-0.75980407
0.88372433
0.8754739
0.18744993
0.029738218
0.6052329
0.1900648
-0.2714414
0.68057054
0.7853311
0.13316183
-0.2409592
-0.6427151
0.710475
0.36503536
0.9765084
-0.08685815
-0.41146287
0.900525
0.35869756
0.5011319
0.007533739
-0.5897455
-0.28318945
0.2060873
6.933627E-4
-0.46909887
0.4672439
-0.15545864
0.17584369
0.7159151
-0.99130106
0.09317465
-0.25151554
0.45907295
0.5387205
0.57094777
-0.5665141
0.08636443
0.013988548
-0.25681394
0.08111811
0.469832
0.64909446
-0.8937814
0.115341045
0.09191799
0.22980346
0.647636
0.91843164
0.39039785
0.27140146
0.87831867
0.29921296
-0.6930649
-1.0378497
-0.45314887
0.6758183
-1.0227145
0.2205214
0.48230258
0.58112854
-0.7168644
-0.9919487
0.7764456
-0.7741916
0.14944977
-0.16257638
-0.12678489
0.77850133
0.053598363
-0.06132522
-0.9052256
0.24722525
-0.3724926
0.44838196
0.6889486
-0.48193324
-0.14047712
-0.33350644
0.6125064
0.22449014
0.5350486
-0.7539524
-0.6430083
-0.69867635
-0.26651248
0.31385592
0.6212391
0.7406764
-0.18329106
-0.8697491
-0.25332657
-0.22064261
0.3290733
0.24399093
1.0429657
-0.38358727
-0.8040307
-0.51074797
-0.8187191
-0.8490728
-0.109531924
-1.0102174
0.69601816
0.8422458
-0.43144727
-0.19417857
-0.34396607
0.6483142
0.03752832
-0.8482988
0.503315
-0.05629765
-0.5295837
0.10528523
-0.605491
-0.1821768
-0.80611247
-0.3207959
-0.76496613
-0.22533907
-0.28710958
0.031040018
0.025277117
-0.198223
-0.74611837
0.58728355
0.8131033
-0.8706565
-0.5180223
0.9104772
0.028184788
-0.18983702
-0.4078805
-0.96907896
-0.44720668
0.87301403
0.18384598
0.20165533
-0.71873766
-0.17528985
-0.5324219
-0.40257576
0.75845146
0.5906578
-0.4481418
-0.8745318
-0.78179955
-0.62643975
0.3541796
-0.57038724
0.025583422
-0.15303999
-0.52782667
-0.64860564
0.8945814
-0.23813397
-0.44070494
-0.64148927
-0.82725424
0.8385358
-0.4165717
-0.79710484
0.19449323
-0.43658698
-0.24919564
-0.2932359
0.5774567
-0.84964097
0.18828021
0.23724994
0.3836069
-0.08249792
-0.3095182
0.39050344
-0.016091332
1.0034955
0.7627963
-0.455839
-0.0072929645
-0.3336358
-0.1859525
0.19228126
0.41082543
-0.75498927
-0.6715457
0.6490542
0.6473453
0.6490514
-0.4966045
-0.48393556
-0.24034785
-0.5448606
-0.7031767
0.8862027
-0.7886992
0.7028463
0.21149717
-1.0082151
0.4558816
0.5500998
-1.1280855
-0.4956777
-0.89546895
-0.8586239
0.12892593
-0.5922479
-0.17229615
0.84243804
-0.3142727
-0.68543255
-0.35826835
-0.91292363
0.27093452
0.5534156
0.013400571
0.8772031
-0.20793377
-0.40592185
0.92151225
-0.099271856
0.8634527
-0.50035185
0.72999346
0.28470638
0.26529694
0.002121217
-1.0559522
-0.5203155
0.52414775
-0.8960365
0.93830264
-0.9677824
0.84982055
0.26625404
-1.2459977
-0.6369724
-0.29143846
0.8173265
0.30981785
1.1062206
-0.646142
-0.7891093
-0.22831333
-0.28791347
0.2915867
0.14090891
0.1063265
-0.7824847
-0.6078686
-0.4657976
0.6244052
-0.6777817
-0.4795888
0.5395835
0.2517031
-0.3097279
0.764753
0.7585499
0.75377613
0.21332973
0.4471065
-0.8708678
-0.37529936
-0.11657749
-0.20185792
-0.65037954
-0.5559084
-1.027778
-0.5803209
0.60833323
-0.5963612
-0.6894941
0.029939028
0.2800505
0.77568257
-0.016345542
-0.90644807
-0.63669467
-0.5016005
0.7519882
0.66615504
0.97167027
-0.350754
-0.35090172
-0.7465429
-0.596288
0.35222295
-0.88735867
0.22923899
0.88059515
0.5361899
-0.71786803
1.0753279
-0.9441717
0.3175028
0.8108745
0.1419578
0.6927633
-1.027927
-0.26272085
0.79754883
-0.15001395
0.2865207
-0.24395074
0.29370254
-0.55824023
0.15114015
1.0075465
0.62932795
-0.8362174
0.15965311
-0.055090204
-0.73436874
0.75305384
-0.5037284
0.4663826
-0.2922314
-0.10459307
0.09294358
0.5364144
-0.42246106
-0.10340083
-0.34023485
-0.58993894
-0.79305184
0.84780365
0.04075214
0.031084169
-0.40701172
-0.31743267
0.035218272
-0.39529762
0.33120087
0.8269371
-0.7226966
0.7205864
0.24872777
-0.8544652
0.22388995
-0.8432592
-0.48236325
0.219256
0.06889229
0.6332825
-0.22345547
-0.79150236
0.695415
0.5168889
-0.5522914
0.5440585
0.23646402
0.29489967
0.3547937
0.15198341
-1.0154586
-0.1573876
0.08719722
-0.23497626
0.60416865
0.467372
-0.21358114
1.0579772
-0.0030470286
-0.9679311
0.3827279
-0.25597128
0.04973856
-0.3262652
-0.010182739
0.45427138
-0.7432439
0.65022403
0.3946253
-0.69573414
-0.6953338
-0.5952966
0.3431841
-0.40786693
-0.08276142
0.02449576
0.39171493
-0.35316938
-0.79106975
-0.688354
0.20824978
0.6234162
-0.089762636
-0.05199177
0.20467007
-0.38537604
-0.34516448
0.3178663
0.33663312
0.6888686
0.018898189
0.55147785
-0.6690968
-0.62597805
0.8615254
0.051006034
0.021557003
-0.40226886
0.90653324
-0.96062136
0.17174713
-0.7482497
0.33254278
-0.80830556
-0.023771146
0.7119397
0.37305003
-0.23608474
0.8209419
0.0477199
-0.9957557
-0.1819515
-0.49675098
0.475921
0.3775303
0.56412435
0.23328663
0.7205208
-0.4433632
0.14984466
-0.0030656925
0.0930306
0.72053206
-0.98217744
0.7093458
0.18095478
-0.071046084
-0.4530494
-0.1682946
-0.4788513
-0.19691643
-0.2089582
-0.7410457
-0.44297716
0.123777576
0.7368699
-0.12660421
-0.17811553
0.83045995
-0.7512595
0.5982287
0.48869655
0.12905784
0.49715295
-0.49190512
-0.39847192
0.41649768
0.31304345
0.11622344
-0.4567923
-0.30291644
0.33219194
0.8182314
0.041492682
0.91227937
-0.0345273
-0.2724514
0.14520988
0.44995105
0.845875
-0.8945605
-0.9825713
0.9265465
0.43780985
-0.5814998
-0.51225233
0.49285102
-0.17048822
0.23435782
-0.503831
-0.6211259
0.2103542
0.088806264
0.47836682
0.16695778
0.1285144
-0.9710915
-0.41888952
0.05668518
-0.54549825
0.17274962
0.24567208
0.42224094
0.08282734
0.51393133
-0.7950729
-0.33661953
0.6858159
-0.37006682
-0.24414022
0.30091476
0.5368686
-0.4864456
-0.3176584
0.6720021
0.13713801
-0.63048756
0.36665115
-0.89096713
-0.064046726
0.72284627
0.46947998
-0.9928137
0.40025225
-0.16294809
0.25300384
-1.0280006
0.7293622
-0.4666961
0.76078945
0.23784654
0.6322111
-0.8036062
-0.41652292
-0.5576649
0.5288223
-0.4419975
-0.7048761
0.5884317
0.36919102
-0.31511632
-0.16546844
-0.78953767
-0.8347511
-0.118121125
0.65972215
0.17448543
-0.43165666
0.062462885
-0.4152919
0.09463108
0.6802493
0.68492347
-0.3358988
-0.4241099
-0.589567
-0.75240123
0.8113397
0.47650683
0.485131
-0.23187989
0.7768897
0.5290286
0.4769056
-0.44305837
-0.9326368
0.47476727
0.5456139
-0.22404416
0.3457488
0.57133025
-0.43778
0.2628949
0.36404508
-0.7837738
1.0710561
0.21029168
0.74629104
-0.62958944
0.8188192
-0.8481288
0.06030084
0.35224977
-0.4298061
0.61520815
0.3965794
-0.4577093
-0.798114
-0.57493216
-0.453647
-0.6180448
0.60855496
0.3665024
0.738527
0.57450575
0.10101142
0.17900775
-0.09443899
0.021047993
-0.045859173
0.69600487
-0.12164091
0.11225586
0.48327082
0.06768253
-0.045207694
0.41804898
-0.707473
0.13619001
-0.638578
0.56212693
0.51328176
0.91135263
0.67250484
-0.29539615
-1.0035317
0.23692356
0.43237838
-0.64896846
0.12661411
0.41546565
0.6165125
-0.6680828
-0.94964004
0.6945667
0.30137178
-0.26743275
-0.9446836
0.54504794
-0.17970629
0.51319355
0.6342347
-0.8489515
0.33356658
0.49455202
-0.31107852
0.8708416
-0.9241684
-0.8661803
1.0970585
-0.34361959
-0.47100148
-0.10440822
0.56719565
-0.037726663
0.8337135
0.7377807
0.541126
-0.47168025
-0.93070793
0.49962634
1.1984948
-0.5961561
-0.6863487
0.15902457
0.4619676
-0.40761265
-0.31070632
-0.06290118
0.97070646
0.6099639
0.4237988
-0.33469683
-0.7092631
0.20120242
-0.85441226
0.63740915
-0.4839885
-0.3860458
0.76010627
-0.72087276
0.69478947
-0.36474657
-0.7058001
0.25955084
-0.051566556
0.2631797
-0.437766
-0.38282254
-0.33803517
-0.09943418
0.36171722
0.65676016
-0.75382054
0.92253214
-0.5932236
-0.7068605
-0.11751588
-0.085373506
0.6502758
-0.16629066
0.63089395
0.12761755
0.101652734
0.22814582
-0.8611666
0.62951964
-1.001111
0.036642015
-0.87547225
0.3306085
0.33821622
-0.7344674
-0.5386464
0.7323182
0.39074895
-0.8106421
0.70108116
-0.28404066
-0.55554545
0.9442874
-0.89265496
0.77947503
0.017440971
-0.49904713
0.27043453
-0.8489529
0.05575027
-0.23985553
-0.5839929
-1.0067126
-0.24436112
-0.08842921
-0.706128
-0.36443168
-0.0021451192
0.742176
-0.6573907
0.12948844
0.43288326
0.41315937
0.50199515
0.04995924
-0.62790143
0.46334586
-0.5206329
0.9345323
-0.26981086
-0.16989708
-0.014997244
0.26257774
0.53156865
-0.72754014
0.4623501
-0.23872943
-0.58825284
-0.69561565
0.7027182
0.2639524
0.63009995
-0.7607455
-0.5049287
0.06951216
0.88721603
-0.49208656
-0.2562325
0.69371665
-0.38029087
0.7892508
-0.6860106
0.59025645
0.20052992
-0.07881078
-0.73940814
-0.28917128
0.2991762
0.49692607
-0.49668524
-0.8664308
-0.13132797
0.27750322
0.8189686
-0.21876574
-0.32980174
0.3224399
-0.13916007
0.40237212
0.20499344
-0.005607488
0.45560482
-0.014088452
0.6663224
-0.6906191
-0.23210143
0.67660886
-1.0156242
0.36448652
0.5923999
0.115567096
0.8314688
-0.625938
-0.5424217
-0.24822366
-0.16462032
0.8140288
0.45103446
0.5272774
-0.5307115
-0.76266855
-0.54746383
0.44429588
-0.03310528
0.18953775
0.9852659
0.9824127
-0.087652855
-0.18818538
0.1292369
-0.17684716
-0.35153693
0.38385338
-0.35736775
-0.6371282
0.624955
-0.6119823
-0.06697615
0.30544588
-0.76094186
1.0157806
-0.8856723
0.11799661
0.74557096
-0.7155388
-0.44601834
0.35641655
0.10397074
-0.98354685
0.9077984
0.604928
-0.6891818
-0.03038087
-0.32966432
0.47944355
-0.524909
-0.2409617
-0.31688836
0.98026466
0.92844796
0.57765776
-0.591465
-0.5538884
-0.39708185
-0.44662744
0.34332266
0.040927242
-0.25817877
-0.16253279
-0.5489959
-0.2995162
0.41751716
-0.50537145
0.6324541
-0.9387667
0.084656104
0.73756164
-0.12654008
1.0929991
-0.08724506
0.17322005
-0.539195
-0.740194
0.4297326
-0.3825716
0.8055652
-0.56018186
0.28736854
-0.8596
-0.5328692
-0.7517705
0.6750447
0.7696471
-0.98284405
-0.097315334
-0.74663043
0.6695747
-0.6693376
0.35104468
-0.9690269
-0.27069068
0.33592618
-0.43558428
-0.40985593
-0.9979823
-0.48320842
-0.4189132
0.6142845
0.52772343
-0.18040544
-0.9873477
0.6731341
0.290459
0.23996294
0.09519331
-0.7163605
0.026898244
-0.9930781
0.046999335
0.7376369
-0.5848877
0.90450615
-0.29679292
-0.40438223
0.36355144
0.089737244
0.39649948
-0.5591732
0.633205
0.11617694
-0.09831022
0.4052568
-1.0174403
0.20798817
-0.11912725
0.6745015
-0.059763446
0.9030564
-0.39919502
-0.2622262
0.40842074
0.07372769
0.6485242
-0.875401
-0.052049965
0.60775304
-0.5244981
-0.0294754
-0.15676224
0.017474253
-0.81344527
-0.3617939
0.18014404
0.53227353
0.0019304778
0.7377702
-0.6011917
0.7026812
0.85579467
-0.4127457
-0.039764546
0.5112601
0.41312814
-0.07336507
-0.34082907
0.34360424
0.5266565
-0.103207596
0.83610815
-0.680037
0.5774305
-0.8399302
-0.5530585
0.7322108
0.6092472
-0.4945214
-0.23669715
0.26444608
-0.16099721
-0.063557
-0.38016215
-0.2799218
0.598262
0.5094317
-0.5609483
-0.91332674
-0.11413675
0.94076157
0.80121946
0.13170049
-0.7353306
0.8924617
-0.38943353
-1.0106099
0.00839159
-0.8454287
0.7724398
-0.22250709
-0.056243062
0.8064309
0.4068641
-0.71692616
0.17212556
0.1685678
-0.8663129
0.096597835
-0.3716859
-0.3137767
0.7526751
0.5245791
-0.9674676
-0.8660653
-0.79074
-0.54850143
0.49759194
-0.2951032
-0.21141419
-0.4923497
0.041756
0.23614591
-0.9176563
-0.47081146
-0.15409164
-0.13044265
0.7540023
0.08919969
-0.18771899
-0.4403844
0.13893676
-0.7026099
0.52304244
-0.22237189
0.10710048
0.25745586
-0.044347696
-0.15169579
-0.9037613
0.6233784
0.71756613
-0.9124765
-0.23625977
-0.2114593
0.4251528
0.7862724
-0.4555645
0.16525201
-0.8090131
0.4867983
-0.8650293
-0.8428015
-0.14267375
0.14175889
-0.61737704
0.7437257
-0.3158855
0.6777414
0.4342302
0.17071144
-0.5470549
-0.06562053
0.8837742
0.37676412
-0.67714804
0.0912761
0.55081797
-0.03376825
0.30224887
-0.6409215
0.057758614
0.88003504
-0.040602084
-0.48517448
-0.7833436
0.010990838
-0.67763174
0.682929
0.882358
0.25299373
0.8482796
0.5360456
-0.6212754
-0.5947154
-0.65393144
0.7418865
-0.86592937
0.6891657
-0.14293724
0.4779881
0.08665531
-0.56637406
0.21133977
-0.79613
0.2924358
-0.6112649
-0.30025348
0.42802423
0.13534378
0.45117873
0.4513441
-0.5520996
0.38875648
-0.3899679
-0.58972096
-0.20187329
0.16639413
-0.29366913
-0.039130494
0.73606455
0.5000346
-0.62447864
0.09395703
-0.94466
-0.5028755
0.26983944
0.2291878
-0.34686112
-0.20526774
0.037657335
-0.35448676
0.3152762
-0.3898374
-0.37334347
-0.8872679
-0.14758821
-0.3179004
0.58137834
0.8307438
0.7538987
-0.18653968
-0.09134314
-0.11470101
-0.3778701
-0.67375076
-0.658734
-0.3825221
-0.08454602
-0.14268224
0.27118087
-0.35680073
-0.46984887
0.15332082
-0.39084828
0.89326733
-0.5266951
0.93552786
0.18887164
0.48038754
-0.39747465
-0.4926292
0.61790293
-0.4482551
-1.2217342
0.4713052
-0.51467097
0.30201238
-0.3798678
0.3538506
0.008673458
0.004326343
-0.11039868
0.3013667
0.5135925
-0.61279637
-0.814057
-0.81344026
-0.18417346
0.6866166
-0.13720277
-0.506723
0.46473116
-0.7208902
-0.05318466
0.5498083
-0.1305732
-0.87362057
0.6357185
-0.57483137
0.22328895
0.8657917
-0.19345151
-0.92741007
0.4950308
0.08819346
0.85084224
-0.08619006
-0.10726558
-0.49285564
-1.1860759
0.6880055
0.45806333
0.7232063
0.61132115
-0.020759638
0.15201737
-0.047692772
-0.933342
0.46460664
-0.05629788
0.17338407
-0.1569511
0.020900272
-0.20121004
-0.013970237
0.4436626
1.0871508
-0.5632215
-0.49960327
0.79602486
0.39195344
0.6996135
-0.0744979
-0.40055317
0.51171905
0.5091813
0.10488962
-0.5865545
0.7519982
0.11994359
-0.51999295
-0.5253383
-0.051367193
0.3807321
0.036300316
-0.635012
0.57694244
0.6272474
0.18902853
-0.18383658
-0.49703884
0.1933353
-0.10592316
-0.008020755
0.7314984
0.46055225
0.1718787
0.19056726
0.10761065
0.40266755
-0.67735744
-0.5886627
-0.19560772
0.8320251
0.14334491
0.63486576
-0.06540735
-0.09590357
-0.09360603
0.5550891
-0.2876133
-0.48384774
-0.14684214
-0.5830987
0.1403015
-0.4602909
0.7756492
-0.67388946
0.8311929
0.39994535
-0.0278122
0.33017588
0.8412783
-0.5432955
0.8457132
0.7885597
-0.92688125
0.7429217
-0.5972789
0.4960339
-0.40148747
0.15859325
-0.66060954
0.12028773
-0.13636687
-0.15335979
0.5789673
-0.2370089
0.80349326
0.63395494
-0.66443753
-0.21879382
-0.61683285
0.7046599
-0.58442503
0.2427746
-0.49095386
0.222615
-0.03675073
0.11918071
-0.114455916
-0.46774036
-0.66149074
0.52328336
-0.74404943
1.2409198
0.73014164
0.45638448
-0.122991964
-0.9708733
-0.40196928
-0.6609157
-0.34439126
-0.009549243
0.8736572
-0.56936944
0.20586298
-0.73826873
0.21784471
0.7650366
-0.21563399
-0.49523333
0.03994932
-0.42884162
-0.059277948
0.46153587
0.11725167
0.10049747
0.5642662
0.5074249
0.37675187
-0.61928123
-0.2823545
0.65473485
-0.6045797
-0.5586177
0.8278844
0.26263705
-0.18999144
0.030865703
0.74040556
-0.66707665
1.1720594
0.030607441
0.4857845
0.4930441
-0.82444763
0.053381804
0.95471627
0.61111474
-0.6046979
0.06187619
-0.92760944
0.5752787
0.97441864
0.23672822
-0.7427503
0.45486087
0.452675
0.41832113
-0.08657156
-0.4996645
0.4998065
0.09634027
0.54796416
-0.3350588
-0.34980237
-0.3726847
-0.16099402
-0.4234823
0.57098264
-0.34278074
0.4574937
-0.8505819
-0.49614105
0.51928174
0.15389933
-0.3295054
-0.7867695
0.31953752
0.237723
0.7633984
-0.79177785
0.0979372
0.84966207
-0.5875052
0.6129375
-0.53141385
-0.46666747
-0.50200796
0.4770743
0.4934219
0.15077196
-0.44694588
-0.20151372
-0.22850035
0.39714086
0.6149827
-0.84123164
0.07117242
-0.22375254
0.9168632
-0.8797877
-0.32198456
-0.56836027
0.65738076
-0.2845135
0.49548265
0.17612284
0.09372732
-0.8209665
-0.46991616
-0.33669284
-0.10775586
-0.75403833
0.787074
-0.4922991
0.27119005
0.12467684
-0.00880325
-0.7259785
0.4365213
0.2809723
0.47961554
-0.48798186
-0.6508732
0.015625061
-0.02694464
0.70074105
-0.022603994
0.6314422
-0.3803985
1.0274339
-0.48180234
-0.13988
0.67692035
0.12369664
-0.74111146
-0.59218425
0.9088612
0.52980304
-0.22080758
-0.8008228
0.55732447
-0.8896247
-0.5407653
-0.06637746
0.7240035
-0.069191165
-0.26935238
-0.25806466
0.47626683
-0.45169142
0.67821544
0.41274568
0.26141188
0.47453696
-0.9280797
-0.95139945
-0.81644523
0.004317676
-0.8172459
-0.6319582
0.66086644
0.25829998
-0.553896
-0.88120574
-0.6200645
0.8019774
0.26269034
-0.79667246
1.0483792
-0.36402
-0.6026125
-0.094916284
0.47604617
-0.044542886
0.30928332
-0.68310565
0.60966426
-0.70669967
-0.06817104
-0.7465599
0.028032457
0.03088027
-0.8164724
-0.04123803
0.37393612
0.6279997
0.19929837
0.29428485
0.2935517
0.6896167
-0.119411215
0.37366185
0.11261234
0.46229145
-0.33040556
0.25916108
-0.11050697
0.31939793
-1.1663558
0.14596497
0.72580105
0.590839
0.09852426
0.020741062
-0.20744336
0.40513077
0.2834736
0.23707117
-0.54095435
-0.51128924
0.3667696
-0.061010815
0.47875562
-0.56534916
-0.30712944
-0.32380635
0.6413025
0.14990382
-0.04452184
0.4638065
-0.8955888
0.85121775
-1.1142528
0.25094178
0.6370733
-0.5451588
0.8123594
-0.104276925
0.4099359
-0.361748
-0.25484502
-0.4578895
1.0823473
-0.7704113
-0.8443367
0.40468416
-0.14835352
0.4511159
-0.10094137
0.37184086
0.10164505
-0.8767087
0.81175435
0.24093682
-0.04943385
-0.11386424
-0.0022094615
0.35295257
-0.6790381
0.536766
-1.0136155
-0.22953965
-0.8630777
0.7682579
-0.6081261
-0.54946965
-0.30848733
0.57977515
0.6855118
0.14526924
0.6774629
-1.0646565
-0.40524065
0.7215789
0.690932
-0.91391563
0.7957481
-0.25919798
-0.30713624
0.7958094
0.95191616
-0.2359488
0.22734414
-0.56018394
0.43537226
-0.19717395
-0.7431955
-0.16208065
0.4960228
-0.32074037
0.43593875
0.08660281
-0.5196107
0.54811525
0.52563316
0.045737784
0.13737868
-0.07339918
1.0622907
0.15974025
-0.2473536
0.67203623
-0.40355435
0.14877334
0.4555483
-0.4741354
0.63932204
-0.11030509
-0.37707597
0.27837873
-0.38156694
0.7623414
-0.5319422
0.5820552
0.047515027
-0.18892184
0.4157126
-0.9370921
0.22870827
0.9018144
0.25228086
0.40028462
-0.7378925
-0.10518363
0.72904015
-0.82683295
0.5854091
-0.5657422
0.6921682
-0.77668685
0.50875676
-0.68064505
0.24084775
-0.009835026
-0.16395742
-0.57021517
-0.6738409
0.46986055
-0.4367505
0.34359682
-0.46445778
-0.24012575
0.9165867
-0.3883113
-0.15676013
0.50408643
0.04566473
0.60006946
0.47937414
-0.47870722
0.7473177
-0.64733744
0.55290085
-0.17846192
-0.81645024
0.3420518
-0.031883147
0.34806958
0.5307749
0.39954045
-0.3024253
-0.071171224
-0.49842083
0.73231757
0.6913082
0.3512199
0.2504801
0.028315436
0.5111304
0.36186546
-0.37381113
-0.31892815
-0.43892696
-0.71367663
0.2062054
0.70976555
0.16043384
0.15864879
0.41784254
0.5117408
-0.7110676
0.060137827
0.3447054
-0.8173461
-0.03635143
0.08947887
0.44812733
-0.22086641
0.27915832
-0.19322127
-0.054663867
0.30422515
0.62400544
-0.20765786
-0.34087813
-0.33817124
0.07356382
0.9802758
-0.6143467
-0.5667391
0.71459866
-0.4364627
0.2687658
0.42178884
0.09657394
-0.43889636
-0.1123417
0.6691482
0.77752686
-0.5149454
0.23089787
0.7477407
0.1361845
0.47466847
-0.037987433
-0.54632425
0.65320605
0.2475801
-0.111564904
-0.55662024
-0.6591911
-0.91978174
-0.24213128
-0.72347033
-0.73541945
0.76274925
0.7161149
-0.7398691
-0.421034
-0.062073044
-0.7306506
1.2040961
0.4136655
0.14533296
0.41208404
0.03562518
-0.011511918
-0.6417806
-0.41204807
-0.44017333
0.6421634
0.35038352
-0.7389996
0.22026087
0.7464442
0.027967662
-0.3800222
-0.46087554
-0.43793374
1.0215532
-0.3046699
-0.73204607
0.53147316
-0.3908164
-0.7351144
0.5130725
-0.16444784
-0.21232416
0.651798
0.22926494
-1.1327664
0.26111194
0.49925414
0.017009536
0.3885928
0.8246743
0.37035775
-0.7531137
-0.15814926
0.66595787
-0.99796623
0.36676607
0.55369407
-0.9320029
0.09199797
-0.6156138
-0.64160615
0.32419938
0.36180338
0.9749329
-0.48516265
-0.7389577
0.3604502
0.9760836
0.22167827
-0.7689134
-0.2667263
0.5008851
-0.16002105
-0.23424602
-0.15774903
-0.50453997
-0.44254217
0.49120536
-0.5140096
-0.4935663
-0.41505823
-0.5834441
-0.3804325
-0.7092504
0.7577944
-0.9101578
-0.8624796
0.77086604
0.86943614
0.19373691
0.39331266
0.438009
0.6582035
-0.9309895
0.3294187
0.34391126
-0.6543134
-0.20541467
-0.73593247
0.20907618
0.67512953
0.2064856
-0.7810104
-0.0055705463
-0.49441862
-0.711981
0.7715485
1.1378849
0.052878194
0.022931518
-0.53047234
-0.5169176
0.16579196
0.6977189
-0.2528738
0.955315
0.8434451
0.12622839
-0.65492177
-0.89761573
0.35419405
-0.66103387
-0.67314845
-0.0053985445
0.79333806
-0.3824532
-0.3293254
0.12288102
0.47987083
-0.29395643
0.3410456
0.55913687
0.40503275
-0.082064755
0.92690533
-0.4534374
-0.51112705
-0.13831076
-0.24322382
-0.1285632
0.27904373
1.0415096
-0.16485432
0.92889714
0.22714904
-0.632931
-0.8074977
0.18659225
-0.578493
0.38768676
0.89246184
0.23972517
-0.69818044
0.14328042
0.2601725
0.6094161
0.39667833
0.4117723
0.5427062
-0.52098674
0.5721307
-0.89683604
0.12575072
-0.26801074
-0.587001
0.7604047
0.54579496
-0.6161327
-0.04114841
0.34320152
0.8139375
-0.6877945
-0.2810197
0.17056975
0.2911229
-0.2879868
-0.7061173
0.13594697
0.18186888
0.23482758
-0.96746635
0.87959576
0.37317458
-0.28859434
-0.9241518
-0.58388025
0.55556846
0.57416004
-0.9223616
-0.04075175
0.58305186
-0.49128044
0.8470918
-0.5725813
0.13439861
0.3472507
1.1153411
-0.19701816
-0.5122226
0.18062216
-0.58193815
0.92311746
0.28986752
-0.54768753
0.9213193
-0.08922911
-0.174551
0.74540126
-0.35086986
-0.552807
0.50181043
-0.050292317
0.32680258
-0.27415925
0.2860259
0.6742526
-0.23335068
-0.98561203
0.25599653
-0.41492674
-0.27282023
0.64473754
0.25836205
0.03441513
-0.3485148
0.7802382
0.5948423
0.77470124
0.3479767
-0.43905193
0.88771325
-0.3175647
0.19079232
-0.49168903
0.25099418
-0.78815603
-1.0385413
0.29290783
-0.48706457
-0.5293949
0.8029561
0.20990181
0.85305583
-0.14970756
-0.09146905
-0.9611133
0.258263
-0.14397268
-0.7507963
-0.82501036
0.39334506
0.69138646
-0.1123073
-0.12101867
0.44792184
-0.7761024
-0.089813866
0.19613388
0.37098533
-0.76250404
-0.5878179
0.6381328
0.03156171
-0.039767623
-0.6150026
-0.023569519
-0.38686442
-0.63170856
0.27921537
-0.035405785
0.549782
0.4627978
0.17656131
0.15745212
1.170981
-0.6238584
0.62501675
0.7871792
0.6590735
0.31769842
-0.3938909
-0.40347788
0.5554455
0.14758797
-0.1400889
-0.30676094
0.12785167
-0.4690765
0.56754154
0.18816115
0.87718
-0.720937
0.05510922
0.8870347
-0.6047485
-0.19254042
0.31308106
-0.18076187
-0.41780072
-0.3678866
-0.6436443
0.39924017
-0.40245277
0.6476606
-0.64216924
-0.23776665
0.8508003
0.010534747
0.32097414
0.59970057
0.9558074
-0.14584038
-0.36743212
0.40536138
0.9714257
-0.94876957
-0.86703646
-0.49951893
0.09995603
0.5573681
0.61835986
0.4275665
0.82509625
0.5282763
-0.5677183
-0.70125973
-0.77455086
0.20087329
-0.20918623
1.0100216
0.28636193
0.057558626
-0.5039832
1.0203537
-0.024368681
0.687562
0.9231378
-0.9026021
0.048546396
0.67472446
-0.209103
-0.5593051
-0.15816844
-0.026343867
-0.34178373
-0.28923136
-0.25278026
-0.28605497
1.1612157
0.06401902
-0.46614137
-0.88194805
0.41779476
-0.2528214
-0.0438978
-0.5702578
0.2041588
-0.35274866
0.9427625
0.18377069
-0.57136333
-0.7914092
0.21322943
0.95049626
-0.0889373
0.3397268
0.5450138
0.29518425
-0.25436372
-0.4445652
0.046122268
-0.3567655
0.67369103
0.3282228
-0.022659358
-0.77795345
0.89947957
-0.912214
-0.15475404
-0.32391053
0.4397959
-0.16188975
-1.3209246E-4
0.25690064
0.66456175
0.16373545
0.3880506
0.026512096
-0.10067565
0.38083637
0.92623335
-0.18163021
-0.051230874
0.038649
0.26794925
-0.26802477
-0.22177245
0.10756457
-0.052172925
-0.45217794
-0.020705627
0.911195
0.090614244
0.4695081
-0.2859875
0.9114725
-0.42707506
-0.96635276
0.64015025
0.37977907
-0.69855547
0.8839402
0.22782591
-0.8746893
0.7974876
0.018255629
-0.065772615
0.8088007
-0.29489666
1.0496297
0.030553628
-0.3278983
0.14939287
-0.4181642
-0.7063188
0.7833038
-0.24074094
0.049448986
1.0821971
-0.1530872
0.18329638
-0.869792
-0.27053636
0.19991396
-0.8820721
-0.77713376
-0.19828703
0.739393
0.44496238
0.43386024
-0.704293
-0.13439961
0.33953243
0.39199734
0.76454836
-0.29011717
0.87512505
0.7115201
-0.9362526
0.20730191
0.42571822
0.15474261
-0.7961252
0.46685985
-0.3166251
-0.78838784
0.5031155
0.7190369
0.09434154
-0.24134421
0.8390646
-0.31858578
0.26222798
-0.05738411
0.79412496
-0.42111212
-0.24552414
0.39964786
-0.49301818
-0.35325685
-0.69368804
-0.7914172
0.4460351
-0.25687355
0.7924514
0.61685807
0.8685539
0.2756456
-1.045405
-0.5361633
-0.72547024
0.05355684
-0.71936744
1.0244508
-0.55619735
0.3125949
0.008924269
-0.18672527
-0.8257615
-3.1111005E-4
0.8712937
0.074164584
0.55713123
0.968709
0.17759354
0.21877182
-0.65412825
-0.2835393
-0.4044496
0.31685907
-0.8642714
-0.76923513
-0.74067557
0.47634277
0.018157672
0.92617714
0.2496772
0.31998798
0.11112868
0.48027164
-0.3425436
0.75773543
-0.4745213
0.22835921
-0.8421092
0.51054764
0.7497218
-0.51180077
0.24493092
0.4966397
-0.8424276
-0.39728028
0.29321587
0.37972364
-0.47632977
0.7407869
0.6821304
0.029649435
0.9176701
0.33640733
0.60639477
-0.101794496
-0.8950148
0.31639335
-0.13221338
-0.11599944
0.2209046
-0.7111583
0.89752376
-0.74391705
0.47058758
-0.011701519
-0.06402774
-0.18562256
0.33712727
-0.6294592
-0.14628047
-0.037751593
-0.4503372
-0.60340977
0.8163768
0.6100785
-0.6053113
0.8988151
-0.011951296
-0.82297367
-0.7048341
-0.61946166
0.22805537
-0.06378308
-0.7826844
-0.19402574
-0.8208709
0.62365454
0.79460037
3.9177958E-5
-0.23517817
-0.5108662
0.36394307
0.6783005
0.36023778
0.8512271
-0.8049361
0.79686993
0.5116723
-0.7098452
0.49913162
-0.64624476
-0.6586427
-0.6382872
0.23979287
0.11348607
-0.07533414
-0.5390423
-0.5513384
1.1306648
-0.498936
-0.3677135
0.5325739
-0.68106663
0.1787173
0.28069967
-0.89190257
-0.19075191
0.4435832
-0.75249344
0.6874936
0.26752818
-0.6567255
-0.068687655
-0.27029002
-1.0058484
0.69337916
0.3426045
-0.41817623
-0.22143583
0.13390973
0.48576635
0.62211907
0.047322854
-0.14977606
-0.21867822
0.4120591
-0.1665436
0.28595996
-0.16540067
-0.055335548
-0.695444
-0.4477379
0.51936746
-0.5332971
1.0479189
0.77809745
0.69336826
0.86601603
-0.15975042
-0.30766392
0.12965004
1.0291699
0.72105724
-0.81859964
0.7630087
0.50700474
-0.8302078
-0.35826474
-0.4783086
0.1893945
0.5833815
-0.8930901
-0.71460307
-0.31389433
0.7318178
0.79021937
-0.15653639
-0.861749
-0.3777341
0.46650058
-0.55500275
0.24346465
-0.22712433
-0.5131298
0.48797706
0.092974745
-0.4521419
-0.05057811
0.016333135
-0.5089895
-0.9620627
0.6502936
-0.5074882
-0.0015008549
-0.2182702
0.78763604
-0.16132534
0.3450279
-0.44316587
0.8101272
0.0012402559
0.18306293
-0.84015226
0.27169013
0.13685127
0.6527216
-0.62938523
-1.0370256
0.47470817
0.52977234
0.012392271
-0.12984924
0.59268564
0.26985747
0.66031754
0.43882525
-0.4214593
-0.78151864
-0.28532493
0.59465224
-0.57965314
0.095835544
-0.10826705
0.49408203
-0.02046386
0.69969064
-0.87820536
0.92581785
-0.13641046
0.9287311
0.39612404
-0.48941064
-0.39553192
-0.5028613
-0.6124571
-0.09890129
0.8612377
-0.15278056
0.42179018
-0.030979952
0.82048416
-0.60683197
-0.80878425
0.5886929
-0.6897538
0.29397753
0.4561596
0.9557968
-0.27849072
0.37616622
-0.36095798
-0.020422822
-0.20808163
-0.6091879
-0.7532056
0.23348752
0.21059774
-0.7359893
0.47285604
0.7696428
-0.49435192
0.29881343
-0.024449896
0.43116462
0.13475594
-0.0076266755
-0.20420112
0.7145647
-0.9253234
0.38496187
-0.09235249
0.69850767
-0.3341319
-0.47758955
-0.30891338
0.6354553
0.16725983
0.5242984
0.2344548
-0.42350915
-0.96205163
0.8599393
0.19298021
0.7903778
-0.24382985
-0.031768233
-0.1374583
0.86260533
-1.0235753
0.18594034
0.28991693
-0.2631281
-0.41969737
-0.30724078
-0.14642416
-0.8306032
0.35886568
0.14326963
0.40336868
0.22018528
-0.87788266
0.3754263
0.9631964
0.19918163
-0.7105584
0.6325764
0.5109649
-0.14659639
-0.5748703
-0.1459872
-0.13805462
-0.45903853
-0.1580759
-0.16026074
-0.5818664
0.0077679073
0.8789886
-0.7701725
0.5253832
0.12039551
0.46802267
0.27400005
0.20028824
0.50270903
0.017779373
-0.55397445
0.25426072
0.16739205
-0.38619334
0.26005474
0.69596446
-0.87238324
0.28776482
-0.32277292
-0.09406855
-0.8468376
1.0026301
-0.27740693
-0.5537397
0.53539985
0.72064745
0.8328159
0.9248023
-0.608398
-0.7185742
-0.39441803
-0.7670774
-0.41616824
-0.33581254
0.29106694
0.81735283
-0.73511547
-0.048014127
-0.6893327
-0.3992065
0.9272955
0.5758487
-0.049204998
0.4757412
-0.82653403
1.0746334
-0.6765368
-0.2109143
0.37749302
-0.2989361
0.59103996
-0.53796196
0.09536699
0.8816179
-0.5602155
1.1040117
-0.043235898
-0.77099395
-0.47255465
0.5164646
0.010750752
0.2321493
-0.585346
-0.78169
0.76300174
-0.6615447
0.7035616
-0.10013639
-0.23382916
0.045758512
-0.12965795
-0.53959525
-0.57691133
0.82247037
-0.442465
1.0201286
0.4600799
-0.94488996
-0.8270439
0.3050051
-0.11299414
0.39139956
-0.8407183
0.58330876
0.5072506
0.011187682
-0.11150434
0.5878223
-0.1432879
0.01016003
0.57664055
0.462515
-0.4765824
-0.57750475
-0.049641386
-0.005286629
0.8684977
0.121915214
-0.8001197
-0.045392927
0.3193628
0.21481258
-0.54657596
0.5689178
-0.5476127
0.51861346
-0.25861642
0.9144969
-0.071774356
-0.6608686
-0.76107764
0.7029814
0.0058437395
0.2807691
0.8734807
-0.6051726
-0.38205406
-0.69980085
0.71684927
-0.70394576
0.3352066
-0.5602428
0.8416992
0.2759262
0.2117216
-0.90847
-0.5051344
0.23658466
-0.44356084
-0.08826839
0.9001656
-0.49082965
-0.7100643
1.1691251
0.85596144
0.028653717
-0.15589145
-0.050617486
0.032718554
-0.33548892
-0.5414629
0.5990416
-0.5787267
0.3697725
0.75270957
-0.8391064
0.19004096
-0.74750173
-0.85624516
0.40421957
-0.42841142
0.74513227
0.90196395
-0.27645668
1.0770384
-0.8571313
-0.26406464
-0.51965916
0.8326719
0.44357568
0.18932998
-0.08626714
0.5311245
0.23966798
0.38463232
-0.5499253
-0.77103835
-0.15074717
-1.1015838
0.8627044
0.20291857
0.59274197
0.3851937
-0.18824214
-0.89329064
-0.17784551
-0.7145723
0.22526677
0.34060323
0.0024658644
0.48395637
0.09687498
0.07611266
0.6698818
0.3895943
-0.75042415
-0.26900923
-0.6943078
0.68109995
0.2943103
0.22013354
0.24398427
-0.65132207
-0.6023567
-0.53335214
0.7857398
0.7582529
-0.038118497
-0.67461514
0.8459057
-1.0394655
0.16438927
0.5023022
0.15254325
-0.3473861
0.021516163
-0.39018857
0.9455442
-0.68857205
0.30074713
0.42804202
-0.65833795
-0.3727498
0.77608204
0.775136
0.10553485
0.43388253
-0.9441567
-0.14504166
0.7380042
0.88042843
0.038360875
-0.14960553
8.648022E-4
-0.52061504
0.9642687
-0.51739866
0.028785832
0.57059866
-0.05846407
-0.5426593
0.22397543
-1.0356102
0.36585385
0.8684712
-0.9913728
0.92614233
0.23761427
-0.00788046
0.33607784
0.36264756
-0.2181181
0.21790673
-0.82892585
-0.37700438
-0.044733748
0.48447
0.9068527
-0.023930222
0.7612123
0.8239275
-0.84533244
0.6463623
0.7702272
0.31651813
-0.7191144
0.3284346
-0.73870313
0.51741207
0.23618436
0.03663633
-0.17766379
-0.31925762
0.23637761
0.7676046
1.0751303
-0.83892924
-0.069289275
-0.110644035
0.79476637
0.8559918
-0.37929663
-0.28572375
-0.85922855
-0.81036323
0.78962535
-0.08880194
0.23432754
-0.659556
-0.0024250068
0.7061863
0.42208114
0.75469774
0.2552922
-1.2685057
-0.4275717
0.44893718
0.28207004
-0.81937575
-0.11256046
0.46605632
0.031246535
-0.20789449
0.6282965
-0.06741845
-0.21793203
-0.64172155
0.42733985
-0.85725605
0.014837504
-0.043058667
0.40123287
0.67692274
0.46137938
0.0890195
0.48276475
-0.70874965
0.88199466
-0.13613848
0.78009516
-0.6406442
-0.6438324
0.06641543
0.11527624
-0.71503675
0.06275491
0.7600023
-0.9036895
-0.3205247
-0.33684835
-0.19610806
-0.45048976
1.006928
-0.6409787
-0.23563194
-0.37953734
0.64359444
-0.22306511
-0.5377911
-1.0949279
0.6888357
0.733082
0.4962392
-0.4665713
-0.66571116
0.2639566
-0.17415325
-0.3586378
-0.8698629
0.30143568
0.2359061
-0.25234592
0.31440443
0.5394397
0.84315664
-0.3009601
0.518338
-0.22745124
-0.7172052
-0.3716487
0.46284193
-0.63828474
-0.6507306
-0.48699445
-0.62253624
0.26501143
-0.16823067
0.560773
0.2627873
-0.4092321
-0.15682992
-0.8308974
0.04986095
0.38426456
-0.020016048
0.3112319
0.62558025
0.9336335
0.5180469
-0.5305319
0.5061077
-0.081654996
-0.80136436
0.08483183
0.4755502
0.39081436
0.17579937
-0.12859912
-0.81779885
0.30272287
-0.15101792
0.026022414
-0.627919
0.46495664
-0.5291823
0.5470827
-0.22165589
-0.3961725
0.5233164
0.2753999
-0.24012971
0.9812064
0.20871252
-0.6343326
-0.68032205
0.43428
-0.45132723
0.32749844
-0.8044791
0.24783209
0.035635963
0.15275726
0.7407815
-0.427027
-0.55597264
-0.7883666
0.4568906
0.56968445
-0.008688133
-0.20781212
-0.7235346
-0.45185095
-0.48347124
0.9171772
0.32921895
-0.30053875
-0.16462198
0.36914134
0.30362403
0.14636539
0.5856844
-0.908317
0.61766726
0.89226115
0.16012725
-0.57552344
-0.106680565
0.5191093
0.15012251
-0.17176662
-0.3571976
-0.6214581
-0.5678049
0.17676847
-0.0013664899
0.3978867
-0.49688828
-0.30948344
-0.22122288
0.49865922
0.5657716
-0.3426635
-0.5164089
-0.46317536
-0.7028545
0.6520744
-0.27163917
0.053719345
-0.9318781
-0.33147645
0.59114975
0.2705536
0.14382052
0.7907591
0.1167385
-0.22803076
0.031176252
-0.27367115
0.5760326
0.2752827
-0.5137448
-0.033354606
-0.90520674
-0.28091168
0.05803387
0.84341043
0.06958796
0.2507101
0.6401519
-0.5341879
-0.94846815
0.48046476
-0.57944703
0.69967103
0.58626217
0.037528735
0.4649029
-0.76148635
-0.54792225
-0.5240527
0.52664644
0.06640242
-0.5127569
0.06591756
0.38963076
-0.49085853
0.0067012818
-0.5193333
0.31354237
0.68207675
0.22356884
-0.6881866
-0.7383462
-0.39234847
-0.43473998
-0.20646176
0.34750608
-0.34873798
1.1375272
-0.5870291
0.8927159
-1.0070624
0.6800081
0.51741916
0.64275044
0.29436395
-0.20265189
-0.38860533
-0.06693864
-0.61080575
0.7136545
0.6252173
0.23924232
-0.7391661
-0.07838492
0.76375276
-0.087809354
-0.19372077
-0.7237417
-0.6240107
0.74829257
-0.04044395
1.1932509
0.11195557
-0.7755887
-0.29411733
-0.046008043
-0.0031940355
-0.3198878
-0.080825634
0.21172766
0.29577008
0.14794287
-0.84709185
-0.37002614
0.4313048
-0.44859862
-0.3008195
0.7298778
1.2309624
0.52355194
-0.33028245
0.44633043
0.76474285
0.51918846
0.5130302
0.7050878
-0.6632302
0.78210443
-0.5221396
-0.07263886
0.4664727
0.30874228
-0.30021814
0.57517856
-0.5524648
0.33516616
0.6858218
0.7377972
0.7173938
-0.76727235
-0.3882298
0.015187331
1.2032479
-0.587449
-0.37592125
0.09345107
0.76252246
0.86618143
-0.802108
0.65127647
-0.1586329
0.5831716
0.09519898
0.6276612
-0.42499265
-0.45627922
-0.34026465
0.5860732
-0.47360045
-0.208224
-0.16630287
-0.7795559
0.0055449996
0.69222575
-0.40568712
0.36674288
0.1621921
0.025740933
-0.44695368
-0.96128017
0.39234495
-0.5683245
0.56516284
-0.5249962
0.042467818
0.23782668
-0.71562004
0.07253038
0.70915717
0.50709385
0.39230922
-0.46020395
-0.16015786
0.12991488
-0.51813704
-0.12696423
-0.28822458
0.47646233
0.049691178
0.006562548
0.019075615
0.8198013
-0.21143325
-0.4430004
-0.5091832
0.5890675
-0.88143575
0.21013102
-0.037954707
-0.37249857
-0.37835512
0.14893155
0.565782
0.5385548
-0.2601886
-0.746107
0.008420078
0.80981606
0.17346127
0.8347968
-0.7147987
-0.06214252
0.17242189
0.43013275
-0.6051608
0.62876594
0.54193157
0.7837149
-0.37152877
-0.27138215
0.07427285
0.61518157
0.33727658
0.19872966
0.9242125
-0.76061314
0.5951443
-0.5082104
0.97624904
-0.13938226
-0.8135224
0.2784693
0.954881
0.58727866
-0.72395146
0.51317006
-0.21278046
-0.14160015
-0.34137413
0.25052765
-0.06602645
-0.9305436
-0.6275884
-0.43081975
-0.08775737
0.5303394
-0.049178172
-0.6148347
-0.26620921
-0.8865204
0.77544
0.18588413
0.7555296
0.079250276
-0.6831929
-0.6345177
0.24569581
0.5084085
0.108214505
-0.18193114
0.9289689
-0.5077186
-1.0256902
0.9219483
-0.5614081
-0.6471923
0.66162264
0.23049486
-0.61642164
-0.13068645
-0.013952216
0.43776265
0.15079391
-0.17992228
0.060469028
-0.7208267
0.27945563
-0.6521396
0.49263346
0.2991214
0.60513836
-0.47852337
-0.8251258
0.7611024
-0.3641974
0.60408795
-0.9133951
0.5238407
1.131232
0.39931735
0.14315371
-0.2256987
0.23658425
-0.550952
0.09221071
0.813061
0.011233166
0.80699474
-0.6497732
-0.66426355
0.018229194
-1.3542035
-0.23716944
0.7445151
0.18461402
-0.082933135
-0.10185143
0.3739165
-0.47755092
0.46161753
-0.47163904
0.061113134
-0.82532436
0.71925116
-0.05470312
-0.29271993
-0.37804046
-1.0294018
0.8790301
-0.14418784
-0.45061868
0.21039513
-0.07672806
-0.40951315
-0.93905586
-0.2072326
-0.67569476
0.50874287
-0.8773391
0.2044129
-0.09201656
-0.48511547
0.2788791
-0.45509323
-0.6222589
-0.6717736
-0.16901037
-0.23810714
0.70998234
-0.7813539
-0.2747504
-0.96433496
0.5826233
0.14588009
-0.100952975
0.7859659
-0.60650444
0.9163425
0.4903069
0.063663684
0.031316902
0.08555759
-0.56523645
0.09050106
0.62635374
0.094907284
0.74724567
0.5879133
-0.15421222
0.8952248
0.30641657
0.46472624
0.108945556
0.7139524
-0.7542502
-0.3190943
1.0471704
-0.61138636
0.33818725
0.28306362
-0.21833295
-0.89898
0.7282493
0.7431091
-0.32076523
0.2641823
-0.33697978
-0.35385615
-0.21842164
0.3163418
1.019248
-0.773055
0.28288123
-0.5560493
-0.48634446
-0.15433672
0.63206965
0.16959861
-1.0170071
0.5702126
-0.011866333
-0.40594077
0.426342
-0.578072
-0.86331385
-0.5469776
-0.7190176
0.314714
0.21354544
0.017270736
0.90189433
-0.7838939
-0.024422225
-0.56748515
-0.8350138
-0.35114628
-0.7098295
0.6214182
-0.74824417
0.42832205
0.9403859
-0.019502277
-0.2784443
-0.33487833
-0.2348411
0.056715827
-0.7204674
-0.8652807
0.24123515
-0.6063636
0.63449913
-0.24644315
-0.90412205
-0.38159728
0.9139042
0.69568634
0.4482559
0.8048659
-0.47673145
0.23904374
0.55553764
0.7386592
-0.43546957
0.70559436
-0.46849817
-0.72173786
-1.0681098
0.42660877
0.5683574
0.2684422
-0.6707325
-0.5498723
-0.30257925
0.6166961
-0.7279755
0.3602634
0.5182711
-0.54331845
0.6956643
-0.03634948
0.033697262
-1.0702621
-0.07469634
0.8470908
-0.82244515
0.30013338
0.360491
0.8802534
-0.11567319
-0.03291129
-0.36543182
-0.79022485
0.22070307
-0.58139586
-0.76385874
-0.55554134
0.62425226
-0.30699196
-0.7321866
0.7638199
0.3096097
-0.6459939
-0.24154294
-0.57266486
-0.52307045
-0.04785064
-0.3615191
0.7097642
0.42703578
0.47357035
-0.6796521
-0.5113174
-0.054391798
0.087986544
0.40222752
-0.8378482
0.668944
-0.44277534
-0.37151778
0.44630122
0.2642527
0.34012112
-0.555665
-0.13556793
0.60952353
-0.9369726
-0.7386906
0.5417884
0.5330191
0.15189643
-0.07795781
-0.34440133
-0.63169295
-0.8975528
0.9323413
-0.21899736
-0.4564937
0.15066375
-0.75040156
-0.24286205
0.802788
0.5660584
0.6926344
0.31772286
-0.5227384
0.39939815
0.6129835
-0.6385653
-0.4644761
0.28516585
0.7572075
-0.13182603
-0.14901185
0.432553
0.57059664
-0.70019776
0.42882997
-0.9936085
0.63757867
0.42199692
-0.42219037
-0.87499636
0.063599534
0.10740965
0.88091993
0.6406469
0.28028008
0.6412612
-0.27049285
-0.038818575
-0.4204992
-0.14574549
-0.27832296
-0.20104404
-0.611091
0.8539562
-0.4093069
-0.52229947
-0.6379618
-0.32783347
-0.88528526
0.8276893
-0.47830924
0.3912083
-0.44287217
0.25075737
0.4085924
0.7755407
-0.52778494
-0.7998125
-0.84403074
-0.172113
0.7634239
-1.090435
-0.99344546
-0.009889969
0.61074156
-0.40883768
0.6047468
-0.0952314
0.12155976
-0.8880303
0.21495634
0.4991221
-0.7619306
-0.2924173
0.7215063
-0.8816654
-0.0023513932
0.5217976
0.032255866
-0.8828436
0.3417348
0.65945363
-0.1799687
0.58979356
0.5640248
-0.8959574
-0.60624856
-6.316669E-4
0.7327129
0.71783847
0.066727065
0.79492164
0.5217643
0.78985447
-0.11806759
-0.55029905
-0.64160067
0.6581887
-0.6361091
0.48435375
0.49672413
0.6141879
-0.77588063
-0.8177885
-0.7032089
-0.82861567
-0.29943046
-0.84520596
0.012179269
-0.50640684
-0.90561754
0.13876282
-0.7241382
0.30166158
0.3750234
0.126871
-0.8842892
0.55972433
0.7751821
0.0056010378
0.2428206
0.51020986
-0.4777058
-0.47288784
0.1968398
-0.4421481
0.17985362
0.7699836
-0.3246525
0.28930318
0.1751319
0.7752273
0.046095528
-0.32390893
-0.13304652
-0.13546416
-0.15022118
0.27198854
-0.014136422
-0.013292208
0.46838525
0.6517347
0.089400895
-0.28475317
-0.2326976
0.029239057
-0.6689915
0.51968163
-0.51662225
0.4184777
0.15049325
-0.24747027
0.6185905
-0.2586112
-0.48704797
0.82722336
0.87287503
-0.8439339
-0.06286404
0.75473714
0.18439957
0.4568466
0.47865224
-0.5688113
0.5003697
-0.74744284
-0.3834865
0.9936383
-0.44025746
-0.2561107
0.825028
-0.44255835
-0.6172628
0.3484925
-0.2793036
-0.13619362
1.099694
-0.04880914
-0.63375425
-0.65585166
-0.6127375
0.39887834
0.15700313
0.14491354
-0.027868066
0.6888464
-1.4468232
-0.1740909
-0.55672
0.17759708
-0.40592343
-0.14823818
0.017662132
0.8630145
-0.1587824
1.0272669
-0.6144663
-0.47825578
0.28792152
0.6249912
-0.11851158
-0.70081717
0.59761965
-0.5223261
0.7810062
-0.50708604
0.6057212
0.102575466
-0.0432955
0.08227914
-0.94660753
0.24584578
-0.33917865
0.7135725
-1.1911558
0.40923387
-0.37029746
0.23842841
0.31266418
0.029529016
-0.8164463
-0.7572702
-0.13731593
0.024792584
-0.24711876
-0.15721346
0.36891744
-0.5472839
0.46675536
0.47268412
0.19346829
0.50575835
0.98529845
0.29410487
-1.0049332
-0.71610737
0.45580444
-0.44839954
0.85152286
-0.2645377
-0.12412175
0.5477849
-0.79553187
-0.50822514
0.55287033
-0.74891335
0.007129295
-0.8204409
0.9326483
0.5339244
0.52015257
-0.57852566
-0.25352845
0.5555079
0.56292427
-0.30313128
0.7693551
0.55324334
0.74730784
-0.5446394
0.4207575
-0.18399891
0.08988645
-0.60759133
-0.40333563
-0.24957949
0.1872345
0.023920903
-0.83460855
-0.7210784
0.6418818
-0.14957416
-0.30441508
-0.85341066
-0.7757463
0.6233886
0.7894049
-0.38831595
0.0019511974
0.5610684
0.0098115895
0.3316573
0.70800287
-0.36705163
-0.533365
-0.8847135
-0.525438
-0.45626786
-0.11810894
-0.2326334
0.9603554
0.76387095
-0.742116
-0.077996306
0.30293486
0.60151315
0.3107003
-0.75825626
0.95047206
-0.568896
-0.024496019
-0.13532735
-0.3995271
-0.18670145
0.09553694
0.18293671
0.45346427
-0.80013895
0.4765475
0.3931806
-0.91601086
0.100481
0.4267435
0.8012613
0.07198642
0.7681422
-0.104172684
0.6810412
-0.45873085
0.22842012
-0.7719315
-0.5923763
-0.08702272
0.6713505
0.23724104
-0.011453835
0.5593633
-0.10316648
-0.93242574
-0.014464317
-0.24885692
0.1622352
-0.18907867
-0.18117385
0.0038583155
0.99771744
-0.24914792
-0.6246052
0.685775
0.47012067
0.359661
0.27137968
-0.8918342
-1.0017288
0.0066673686
-0.76036143
0.7870482
-0.45517302
0.5785296
-0.3493617
-0.81253755
0.26167157
-0.6645913
-0.9376404
0.9188651
-1.0976069
0.28621975
0.7162857
0.36499923
-0.029658958
0.04154483
0.46598494
-0.5554581
-0.57501704
0.73818403
0.8121142
0.12438401
-0.31115422
0.07926678
0.54977244
0.12700519
-0.27237946
-0.5568508
-0.2930534
0.5511414
0.051137682
0.24180083
-0.6200333
-0.7101326
0.5042813
0.327078
-1.0629697
-0.8722364
-0.27476123
0.46715665
-0.46537665
-0.60639787
0.9134365
-0.23125774
0.83381957
0.43026862
0.42367202
0.4499725
-0.56354487
0.78108644
0.34150746
0.82217956
-0.06498215
-0.15002027
-0.72113967
0.74854803
0.43184733
0.8295909
-0.14134824
-0.03007418
0.081155896
-0.3446498
-0.49687448
-0.21478164
0.14459316
0.42184636
0.2000523
0.5191076
-0.8849823
-0.3057453
0.64235026
-0.3459582
-0.64946455
-0.4297982
0.35371256
0.6844936
-0.58490163
-0.52655137
0.29302028
-0.2243615
1.2357768
-0.3301454
-0.41832173
0.17712107
0.83403456
-0.45183855
0.92842126
-0.47984985
0.75197476
-0.21609256
-0.8441147
0.0031179874
0.64460784
0.16991328
-0.83306867
0.10358218
0.71373576
-0.34015083
-0.20829068
-0.6004029
-0.003903578
-0.7482618
0.53810906
-0.6706
0.26064864
-0.62014586
0.85343343
0.5368379
-1.0597836
0.7586696
0.16275023
-0.46816444
0.79152817
0.6473141
-0.66675436
0.008556591
-0.033345044
-0.10923692
-0.14153816
0.5050113
-0.58167446
0.5206755
0.4348378
-0.30745775
0.6763744
0.22828336
-0.91407645
-0.6362249
-0.2719335
-0.14539844
0.6555141
0.0023380257
0.4282832
0.8112698
0.26699632
0.08000403
0.851563
-0.6558003
0.48803702
0.8010165
-0.59232306
-0.734654
0.17326519
-0.97993344
0.10765695
0.3466422
0.11105633
-0.33146206
0.5970149
-0.46859643
-0.69520396
-0.74457437
0.028644575
0.11933507
0.6780345
-0.4487263
-0.055662915
-0.3556338
0.06229852
-0.91539145
-0.83614904
-0.4242948
-0.19538027
0.58705086
-0.1187579
-0.44965023
0.42538187
-0.3205959
0.20805861
-0.25979632
-0.34277123
0.5889606
-0.06343087
-0.39907286
-0.48375964
-0.68905073
0.62110144
0.7667236
-0.3753549
0.7774904
-0.33799464
-0.35616294
-0.21471973
-0.54989547
-0.00542688
-0.63700694
-0.47179624
0.82305545
0.05664834
0.66655904
0.5689553
0.34209007
-0.081675
0.36045712
0.0055641723
0.73356396
0.17348328
-0.1987756
-0.514912
0.49614212
-0.5497244
-0.2200377
0.4799745
0.3408647
0.9363145
-0.3697088
-0.1503986
-0.21788527
-0.115919806
0.71696246
-0.44786045
-0.31221092
0.41725266
0.816672
-0.7267145
-0.7405179
0.88479364
0.0768711
0.35255772
-0.4712044
-0.32993203
-0.40989307
0.19432889
0.38110155
-0.25586218
-0.21867104
-0.8020984
0.33385798
0.29762194
0.5717157
0.0914756
-0.18291166
0.08391022
0.90991217
-0.4941463
0.8157095
-0.7995121
0.5200573
0.99190074
-0.29540563
0.17801625
-0.35870576
-0.34205186
-0.2537417
-0.813582
-0.55111223
-0.2858605
-0.5081672
0.49400902
0.30173656
0.5716416
-0.1222363
-0.3128205
-0.37484735
-0.356187
-0.41867226
-0.16802225
0.106348135
-0.10766919
0.94741017
-0.06502187
-0.84500414
0.2721078
0.7778822
0.35386965
-0.6627908
-0.41723177
-0.85465145
-0.69083863
0.39564338
0.54903597
0.27072993
0.73077726
0.31228107
-0.31886193
-0.057980444
-0.104067504
0.48763388
0.6217384
-0.513748
-0.84640163
0.67804724
-0.59203196
0.24246004
-0.9354564
0.46372873
-0.8330986
0.50434864
0.6232467
0.7394206
-0.36429417
0.52743953
-0.5732091
-0.12172732
-0.68029
0.9055551
0.42755857
-0.051906962
-0.2482267
-0.6211831
0.7940774
-0.39977318
0.87085974
-0.61614656
-0.53057235
0.71264064
-0.6141884
-0.21071227
0.67316186
-0.27646166
-0.7082823
0.392653
0.82340336
0.96863514
-0.68969905
-0.9024624
-0.72596663
-0.38721034
0.27937287
0.06520665
-0.15746118
0.6407193
-0.8434277
-0.8699844
0.27300042
-0.107327126
-0.4330421
0.51584995
0.4968952
0.35903397
-1.0004855
0.39932382
0.3195461
0.8425646
0.7284958
-0.14413966
0.51084363
-0.6327156
0.3770585
0.7125703
0.23531508
0.2232548
0.18812297
-0.9098295
0.2089422
0.4496379
-0.022947557
0.7804453
-1.0238478
0.025099253
0.16639978
0.15611918
0.14962745
0.69275373
-0.16298619
0.7179775
-0.15276301
-0.6073264
-0.63146746
0.847137
0.36344168
-0.086667694
0.21338788
-0.22637397
-0.58229214
0.7740155
0.33599663
0.70409673
-0.8568429
-0.19276771
-0.32477513
0.47686565
-0.5314898
-0.03157384
0.5294043
1.1863612
-0.40898457
0.045573425
-0.29463923
0.4926523
-0.45254982
-0.12332931
0.547728
0.4524281
-0.7160188
-0.079878114
-0.26431993
-0.67157066
-0.13533682
-0.8302519
0.23334122
0.015171234
0.48466936
-0.15487209
0.01752978
1.0287002
-0.07252299
-0.5562733
-0.59603405
-0.67513204
-0.7764495
0.33530265
-1.3774674E-4
-0.29950514
0.8265338
-0.20841779
0.43016338
-0.6816107
0.97875375
0.36156556
-0.34534365
-0.34153455
-0.09944955
-0.70404226
1.0690395
0.79847556
-0.30463618
-0.5135512
-0.555391
0.6889789
-0.27746767
-0.8714393
-0.8962913
0.023359282
0.57251126
-0.5608416
-0.021267498
0.52713186
-0.5831052
-0.4271845
-0.46318945
-0.46582744
-0.040379424
0.76402545
-0.010173376
0.35507938
-0.6687786
0.36964676
0.92437434
-0.5257263
-0.032528877
0.34037113
-0.76095116
-0.05011042
0.5102586
0.6013275
-0.57118255
0.17116456
-0.46269307
0.6523421
-0.4591365
0.2267018
0.021194758
-0.03007293
-0.5883284
0.26045772
0.47245666
0.9109647
-0.18459824
-0.7524427
0.86064434
-0.12941642
-0.6935119
0.116685696
0.07224342
-0.2414833
0.23783702
-0.3562776
-0.55648696
-0.22432029
-0.6230029
0.90442985
-0.34567896
0.9354223
-0.76794326
-0.23503704
0.9066197
-0.29102817
-0.5710724
-0.30908173
-0.32639825
-0.21444987
0.08954856
-0.06016933
-0.41656768
-0.044739373
0.23609659
0.7711107
0.0921413
0.35308918
-0.43987873
-0.96683353
-0.77235085
0.3706391
-0.100782685
-0.2999599
0.38410816
0.8018466
-0.5041632
-0.052031945
0.23723379
0.6866433
-0.5130062
-0.14218087
0.81952137
-0.6809381
0.4948366
-0.17005605
0.65815365
0.60345924
0.2946903
0.16083466
-0.042823996
0.06971234
-0.07002289
0.1503606
-0.22014278
-0.050979838
0.54118025
0.21088554
-0.3663724
0.51072097
-0.5630846
-0.24209589
-0.114842325
0.07645001
0.22320509
-0.5676292
-0.3952292
1.0957139
-0.5078494
-0.74709326
-0.21615045
0.58204955
0.13979919
0.9661174
0.6891727
0.057037417
-0.045952678
0.30566424
-0.8833437
-0.16005567
0.6010112
0.20640647
0.03208649
0.56126666
-0.38537848
0.21717744
-0.7391267
0.92810494
0.7072144
0.7485228
0.82870084
-0.51575357
-0.120875016
-0.49927717
0.2385296
-0.70796394
-0.08502095
-0.0999044
0.517736
0.0016676624
-0.27279815
-0.12512738
-0.46943852
-0.76520795
0.77615047
0.5140978
0.4941788
-0.6794022
-0.100593396
-0.83617574
0.11907128
0.49214813
-0.92381436
-0.79065156
0.9981825
0.7017919
0.16420145
-0.4134662
0.51672214
-0.7106949
-0.61494666
-0.31782207
0.8285314
0.48002994
0.8275386
-0.67934895
0.3497826
-0.66387695
0.6248159
-0.029962739
0.26578647
0.20029308
-0.07842349
-0.033311393
-0.24423558
0.6538357
-0.39176655
1.0002903
-0.0068967748
-0.16970226
0.083402924
0.7100523
-0.06662727
0.0483635
-0.08116994
-0.62049973
-0.03240986
-0.078398615
0.3272977
0.72946584
-0.19731167
0.7714971
-0.57641625
0.64519453
0.3591808
-0.545877
-0.2065394
-0.77560955
-0.040030014
0.2758942
0.15474193
-0.4434149
0.8255225
0.3476856
0.7239403
0.49086887
0.3258103
0.33257878
-0.43539715
-0.5329603
0.2911938
-0.60680693
0.6228608
0.7354471
-0.5039005
-0.95544136
-0.33317512
-0.58288616
0.78739685
-0.8066983
0.1859773
-0.25489318
-0.44801968
0.16916023
-0.8177338
0.17284174
1.1103413
-0.57767504
-0.3132964
0.0520875
0.46221492
-0.27531445
-0.20613645
0.037769318
0.8258734
-0.78638405
0.41384646
-0.83874667
0.9712663
0.60399
0.39805388
-0.68122005
-0.8358862
-0.360244
0.2736628
-0.95149404
-0.2684225
0.7384277
-0.49339908
0.20608144
4.6148658E-4
-0.11537775
-0.6526181
0.6809912
0.89449674
0.4026793
-0.8786895
-0.41526753
-0.1770817
0.5917135
0.9532807
-0.25111887
0.036727242
-0.6395364
-0.26352376
0.37808937
-0.4932539
0.17372479
0.46936473
0.26109514
-0.00773362
-0.8925082
0.8520701
-0.40562734
-0.13203458
0.9671415
-0.16704945
-0.11194668
-0.41526467
-0.7530597
-0.8833001
0.48019633
-0.76101923
0.055405576
0.23245868
-0.7739786
-0.34373572
0.91186494
0.47796544
-0.89314926
-0.48840058
0.5029611
-0.24246824
-0.84575206
0.9732767
-0.6360682
0.789823
-0.8874033
-0.9789822
-0.07500412
-0.11651704
0.61504644
-0.60583633
-0.79671735
0.65936464
0.35652468
-0.45466712
-0.81082135
-0.34507072
0.31146282
-0.27425608
-0.21630162
0.03312127
0.5115351
-0.19752151
-0.6568542
-0.5694317
0.1667741
-0.06383269
-0.6423067
0.2739156
-0.4263526
-0.5237032
-0.14993791
0.44341812
-0.8563879
0.48435083
-0.39460385
-0.9635811
0.7354215
-0.14643084
0.4946187
0.48336643
0.4400412
-0.82211006
0.73412865
0.4338658
-0.9992415
0.5778146
-0.009849171
-0.27374566
0.1223653
-0.41802678
-0.63560206
-0.1313129
0.5210015
-0.68904555
0.48458356
-0.96776813
-0.040962394
0.2914338
-0.02629157
-0.4365611
0.13326785
-0.045756266
0.18181609
-0.5466364
0.18351592
0.44756114
0.6555856
0.61293036
-0.71789026
0.2998814
-1.0820719
-0.37987593
-0.53996104
0.6243032
-0.22800663
-0.37282923
0.29302
0.93039167
-0.963627
-0.54808474
1.1902274
-0.7166146
0.048794266
-0.26604167
0.97219634
-0.8951483
-0.7633219
0.90391105
-0.07618835
-0.2671003
-0.013441027
-0.5907802
-0.59609306
-0.54048204
-0.37475893
0.95076984
0.6569415
-0.5141956
1.0230594
-0.2742173
0.48134172
-0.5756356
0.99691963
-0.70414585
-0.22617854
-0.16416135
-0.95920116
0.032419227
0.42852935
-1.1206102
-0.9741268
0.90728885
-0.2197975
0.01461203
0.7929798
-0.30258423
-0.3769699
0.0022695588
-0.25934377
0.0704537
-0.7468599
0.8555874
-0.12564252
-0.5793635
1.0169312
0.5250309
-0.8553013
0.63900024
0.5808273
0.51129097
0.57289815
-0.20922107
-0.6040541
-0.08140857
0.93055373
-0.79408884
-0.80644923
-0.7538028
0.5079649
0.30554333
-0.82016635
0.6548429
0.36551288
-0.9779355
0.6032748
-0.115390494
-0.4546155
0.6175625
-0.50158036
0.024057612
0.4076208
-0.54867685
0.21600142
-0.88756865
0.6474874
6.249845E-4
-0.22869164
-0.40417552
0.16726209
1.0898747
0.73502034
-0.6972805
-0.8108594
0.18314324
-0.4378329
1.0865595
-0.73548985
0.459205
0.14505294
0.50408524
-0.6088242
0.25128883
-0.6222425
-0.20187007
0.51469404
-0.1111023
0.018627102
-0.61188924
-0.16425991
0.53859377
0.235036
-0.21444234
0.035790615
-0.6818716
0.36768845
0.7111763
0.7482715
-0.39018786
0.42110083
-0.4089412
0.59722716
-0.4823198
0.63600975
0.7497631
0.6972572
0.8040657
0.57497925
-0.085831165
0.07677705
-0.7540389
0.8796962
-0.3465811
-0.81057477
-0.68787956
0.80314547
0.4684553
0.64736223
0.14890473
0.30901757
0.6847416
-0.36848885
-0.9041773
-0.0048468024
0.16781238
0.69350946
-0.8372178
0.50810015
0.032257702
-0.07164843
0.28465492
-0.5794212
0.11144724
0.42819837
-0.9054146
0.3678897
0.36189663
-1.1618459
0.6790683
0.39237544
0.053122554
-0.29523867
0.4463024
0.20609294
0.52470726
-0.44994307
0.010920141
0.01972678
0.40396738
-0.20300499
-0.2953143
0.5292002
0.045777448
-0.2552715
-0.39420378
0.17060152
-0.53398997
0.9803951
-0.69738483
0.46683228
-0.42678544
0.19513534
0.0037935989
-0.87215173
-0.22193365
-0.22611593
0.18861097
0.4505663
-0.6226799
-0.53761274
-0.064729206
0.7969281
-0.84341097
0.20908715
0.47631726
-0.29851988
0.72001505
-0.003877662
-0.14648005
0.115371004
-0.37088752
0.714012
-0.98974305
0.8807766
0.41728517
-0.16865431
1.1647812
-0.34899023
-0.7805302
-0.58446205
-0.30062377
0.79588604
-0.21663998
-0.416215
0.4687677
1.1182775
0.8570147
0.7438429
-0.5333773
0.502681
0.9311065
-0.514566
-0.36189172
-0.60513234
-0.27450898
-0.6847213
0.31677094
0.28159866
0.37883908
-1.0922648
0.8039036
1.1415966
0.21116064
0.6660028
0.4239924
-0.20311277
-0.4177333
0.01868206
-0.20507915
-0.46659437
0.99032813
-0.7348098
0.21831346
-0.77031976
0.19255209
0.5546474
-0.56982523
0.07878817
-0.32375968
-0.7714269
0.026046274
0.4390111
-0.3390638
-0.46047032
0.8057313
-0.6214497
0.3153199
0.3917667
0.018191928
-0.62267643
-0.22565256
-0.8500022
0.41784382
0.48999682
0.10804762
-0.29221538
0.60551816
-0.3823182
0.5257997
0.83658314
0.42570832
0.17944442
0.18286045
0.17341582
-1.0470359
0.6164573
0.8343551
-0.34377173
-0.33424535
-0.32244208
0.47881436
-0.67644316
0.5477024
0.49997875
-0.79867035
0.54322267
-0.367231
0.23732758
-0.265785
-0.745921
0.06597872
0.5899281
-0.95573777
0.93545735
-0.61850154
-0.009876132
-0.79134846
-0.7804438
0.87341523
0.15747586
-0.073131256
0.32046056
-0.80258566
-0.8889285
0.32263866
0.07006536
-0.51815975
0.012695618
-0.03398474
-0.0669116
-0.83767676
0.0940967
0.40627003
0.9445633
-0.15433629
-0.92199665
-0.6882778
-0.29211935
-0.6829113
-0.18484272
0.46216184
0.06648806
0.5001505
0.37172475
0.62990344
0.69629544
-0.22984627
-0.52091455
-0.19432059
0.36798906
-0.39362565
-0.32847184
0.42602038
0.41594627
0.09288026
0.44299206
0.0066944137
-0.26055968
-0.35401484
0.5851761
0.16538922
-0.48460174
0.022423448
0.45976123
0.40161094
-0.7341731
0.44684386
0.7389068
0.611137
0.6154576
-0.6044789
0.35639107
0.30182526
-0.7859175
-0.47341514
-1.1759988
-1.1089928
0.8003695
0.38213637
-0.12112642
-0.5660489
-0.929791
0.45416927
-0.49217197
-0.47691426
0.44324282
-0.2863242
-0.8018014
0.5533549
0.46658605
-0.6859145
0.35083988
0.6098012
-0.77575123
-0.8011818
0.38588867
-0.85196173
0.39678207
-0.96436065
0.34168097
0.24314468
-0.8195191
0.8010027
-0.1572016
0.27153525
-0.31789282
-0.92395055
-0.3839207
-0.37580356
0.53474027
-0.39700294
-0.71883416
-0.5485751
0.7324935
-0.16615318
0.7406233
-0.90238994
0.120235994
0.0034888764
0.9693667
-0.27241957
-0.44631127
-0.2598801
-0.4897797
-0.6304441
0.37752187
0.16171862
0.2376973
0.3914307
-0.99002266
0.07760857
0.9514523
-0.48467535
0.090681195
-0.17915623
-0.7675954
0.034201458
-0.36570805
0.82888573
-0.80211294
-0.3476477
0.7996558
-0.40540668
0.68803287
-0.07576938
-0.93653077
0.6867064
-0.7621828
-0.18357085
1.152025
0.66825277
-0.70709854
0.85256696
-0.9009763
-0.7670889
-0.7430158
-0.27289933
0.57885695
0.8221379
-0.3037577
-0.023802504
0.30159935
-0.66173774
-0.39120334
-0.2759358
0.65171707
0.109296046
0.11404554
-0.3521576
0.3963235
0.5277432
-0.45028675
-0.2803744
0.36289144
0.3170159
-0.060126532
-0.85472196
-0.66071373
0.5483971
-0.48467463
0.7437549
0.5987988
-0.8722386
-0.4302419
-0.0821832
-0.53001857
0.391654
-0.41947743
0.474192
0.40219373
-0.43648505
-0.36740023
0.1456512
-0.032482993
-0.60584986
0.47965527
-0.8321065
-0.4769139
-0.11450656
0.6399255
0.013495905
-0.7841409
0.9096123
-0.48472628
0.43994543
0.54082227
0.14726928
0.066289
-0.18743253
-0.49890837
0.60693794
0.9549045
1.0303714
-0.8042835
0.8877932
-0.16614957
0.17273135
0.35527736
-0.7990637
-0.38726082
0.63977027
0.5086085
-0.15566166
0.8162208
-0.9561572
0.63493323
-0.1398381
-0.35666844
0.59362257
0.14300041
-0.5497511
-0.08870217
0.16893977
-0.3636823
0.20456222
-0.5571535
0.07483484
0.6323371
-0.981776
-0.67499816
0.2013611
0.548434
-0.10979217
-0.19824664
-0.44824353
-0.9656655
-0.95839995
0.08838273
-0.46009704
-0.29470858
0.8988229
-0.6186055
1.0369345
-0.21602371
0.8733327
-0.44611618
-0.23206048
-0.96199924
0.17370069
0.76624477
0.2771739
0.41279078
-0.007982058
-0.85174716
0.3015799
-0.47157735
-0.010497843
0.07193608
0.8318352
-0.8341654
-0.17073216
0.48075804
-0.97874963
-0.70407796
0.71100444
-0.07345808
-0.81615883
0.5821383
1.0252767
-0.011925876
-0.90387595
0.26041657
0.69473517
-0.45437208
0.13268046
0.7373545
0.5101711
-0.028032083
-0.38301438
0.69484216
-0.54103595
0.7079833
0.9020643
0.28861475
0.18928418
0.12019953
0.4433418
-0.14635444
-0.05629449
0.526256
-0.30156085
0.9210588
0.36819848
0.09000564
0.27639583
-0.46576247
-0.110798955
-0.6859127
0.62328136
-0.451699
0.37174693
-0.2918819
0.6192222
0.57776594
0.56858265
-0.66971254
-0.0019482013
0.5272571
-0.86210966
-0.6266597
-0.18975194
0.63917476
0.41701654
-0.04631817
-0.43298626
0.46140063
0.45131722
0.010122304
-0.30283523
1.1896428
-1.1490333
-1.027616
0.3102858
-0.6300525
0.32848477
1.0081557
0.68477017
-0.1991903
0.16896588
-0.4155555
-0.6416107
-0.41929758
-0.40072814
0.049673125
0.027554372
0.4076154
0.41523686
-0.42202073
0.46807536
-0.450943
-0.55957794
0.7346973
0.26500642
0.33244872
-0.5206512
1.1150432
0.5663484
-0.7404918
0.48254058
-0.7618226
0.26694453
0.5940654
-0.99926925
-0.32057396
-0.8047342
0.760026
-0.06248206
0.45093498
-0.3555727
0.19756882
0.34097713
-0.71582836
0.36954245
0.46455434
-0.32659823
-0.54612136
-0.95839447
0.13302675
-0.09467938
-0.45867476
0.9213616
0.016087472
-0.44910517
-0.50754094
0.013334331
0.35099214
-0.8636417
0.51761395
0.8156983
-0.4442548
-0.3750592
-0.7274346
-0.55346245
0.5945232
-0.33526617
0.5461652
-0.6467547
0.14547585
0.7909327
-0.28517884
-0.39338374
0.12379519
-0.7437899
-0.10205113
-0.30375513
0.34093544
0.9244658
-0.5382091
0.09222473
-0.45670456
0.45015657
0.5091618
0.6173494
0.09223636
-0.5831694
-0.89255935
0.14511311
0.13497733
0.693734
-0.4009169
-0.33106196
0.62735564
-0.09211754
0.16235748
0.44813296
0.07882086
0.38706172
-0.0021197307
0.6446417
-0.6352949
-0.373674
-0.4306082
0.6127722
-0.8116709
0.03556123
1.0736662
-0.63701826
0.6807451
-0.34524375
-0.91253376
1.0660064
0.20688282
-0.15812995
-0.22882225
-0.75348896
0.48692343
-0.79603696
0.479054
-0.7710845
-0.21388477
-0.89675444
-0.42661566
-0.60080403
-0.3332371
-0.6710936
0.62708414
0.044853467
-0.6403382
-0.2470614
0.60996526
0.38718483
0.83539534
-0.5386464
0.16451833
0.11949775
0.28273216
-0.0048522134
0.59413624
-0.88706166
0.76112723
0.50594103
0.51453185
0.78288597
-0.81365854
0.4335641
0.14860483
-0.3437499
0.6793692
-0.5071495
-0.7519911
-0.041216053
0.91141313
-0.68066853
-0.509185
-0.24586253
0.24553545
-0.61184496
0.65734917
-0.34737617
-0.34451228
0.37249565
-0.28276873
-0.893341
-0.42133898
-0.59330064
-0.41196382
-0.80374694
0.33705392
-0.4529041
-0.06960545
0.874683
-0.7963487
0.62060624
-0.092593394
-0.032223854
0.3425449
-0.50952494
-0.5803518
-0.4714988
-0.16599539
0.84971005
0.41217938
-0.13522518
0.48772815
-0.8680727
-0.47048208
0.253009
0.5078763
0.717498
-0.8889008
0.8680736
-0.61536545
0.34141612
-0.2720926
-0.3614949
0.24825692
-0.40753916
0.7816253
-0.24787228
0.17897256
-0.4492749
0.04045324
0.012179519
1.053169
-0.62089443
0.46805182
0.24001442
-0.33646145
0.6511543
-0.53900766
0.24383856
-0.12500097
0.01119144
0.66644686
0.4114272
-0.32660088
-0.6273781
-0.81051505
-0.8129046
0.57099044
0.38159326
-0.22741663
0.6268309
0.4778189
0.040429965
-0.9534811
0.014775337
0.5676542
-0.13272212
-0.9782188
0.7858304
0.9506639
-0.57456905
0.16392057
0.20520529
-0.5817266
0.7962794
0.62469584
-0.35219043
0.078063
-0.75367993
1.1324768
-0.15849699
-0.36452958
-0.8509482
-0.4693577
-0.5078617
0.8408649
0.25868136
-0.19763294
0.4424169
0.44213036
0.88127774
0.7561278
-0.14876646
0.027794873
0.3695992
0.68884057
-0.54856783
-0.5208496
-0.124911
0.005772629
-0.20808011
-0.5542025
0.071267195
-0.33371967
-0.16222261
0.124042936
0.77199596
-0.584962
-0.21098922
-0.20735328
-0.50448173
0.16939655
0.19292404
1.2280744
-0.52262855
-0.37695816
-0.6645699
0.2620127
-0.07617934
0.54075676
0.5199751
-0.023322849
-0.72834414
-0.22624272
-0.15444781
0.29187387
0.10590849
0.4429805
0.7500726
-0.89546686
-0.4667488
0.9080956
0.98836684
0.25597528
-0.10627074
-0.055079386
0.470242
0.6077209
0.6358709
0.22485971
-0.4047556
-0.643419
-0.044243585
0.84424454
-0.8810512
0.7760929
0.6781168
-0.09335935
0.8389452
0.6652698
0.5870228
-0.31799486
0.6817073
-0.96864057
0.9728773
0.6790351
0.03792076
-0.6677322
-0.45790228
0.6538911
-0.68181354
-0.8330913
0.3690401
0.43125877
-0.44481248
-0.07715058
-0.10642596
-1.0283391
0.45595938
0.8102727
0.66295016
-0.7343704
-1.0813901
-0.26340842
0.45971936
-0.37756222
-0.83223313
0.3858025
0.5432767
-0.7758124
-0.01686793
0.13952687
0.3155791
0.65578014
0.37635735
-0.1522412
-0.28469858
-0.8532255
0.12541343
0.89437836
0.50066054
0.5167224
-0.5487588
0.90779555
-0.4053642
0.77668947
-0.67323005
0.44614592
0.5582171
-0.9167086
0.33440858
0.15379862
0.5925529
-0.9434168
-0.3315018
0.74905497
-1.0272394
-0.30102658
0.6418332
0.6485185
0.014418365
0.61544466
0.8466212
-0.038384795
-0.7634487
-0.13740009
-0.7780703
-0.36174938
1.1589283
-0.954529
-0.13846312
-0.28351846
0.44531006
0.0071988124
0.15327588
0.04961198
0.41565672
0.6645009
-0.36612108
-0.44488552
0.15679848
-0.44831452
0.21170722
0.0888571
0.17419285
-0.008469836
-0.37668282
-0.68932384
0.5978365
-0.7210697
1.2164246
-0.27346292
-0.51529616
0.49901307
-0.3027703
0.46292135
0.82646364
-0.37161154
-0.3251705
-0.82311374
0.8849593
0.40214625
-0.9330849
0.5011638
0.5052585
-0.33598542
0.5950986
-0.43957585
0.90180075
-0.30037344
0.6938876
-0.738579
-0.006588905
0.6607031
0.46398458
-0.26166102
-0.06731985
-0.687954
0.15456137
0.04919148
0.07234299
1.0084807
-0.44696742
-0.30413082
0.41153052
-0.5693622
0.6139848
-0.013892997
0.30619624
0.55569
0.18879075
-0.6326473
-0.40456942
-0.0011767766
0.053375658
-0.43042335
0.13642909
-0.13199951
0.4105009
0.65598935
-0.028843947
0.18483087
-0.44587976
0.46732625
-0.07414227
0.025834937
0.27199465
0.9393405
-0.966079
0.49103272
0.41060498
0.7567195
0.33595362
-0.8104091
0.48661113
-0.78990775
0.89985967
0.018280856
-0.51956403
-0.098505646
0.8006275
-0.7972076
0.30571327
0.90666634
0.13484932
-0.40929937
-0.7526304
-0.113065846
0.038645174
-0.22270909
-0.82768047
-0.007985917
-0.25610623
0.074832216
0.3573794
-0.74054
-0.76071805
-0.34382278
0.844759
-0.39556807
0.5518004
-0.55530787
0.39036274
0.8083503
-0.18538386
-0.82366955
-0.5483063
-0.49356186
0.510266
-0.9640681
0.85422623
-0.72761834
-0.7564724
-0.59612364
0.5347962
0.80085945
-0.84727216
-0.7085174
0.8198503
1.0276296
0.612501
-0.8313442
-0.27592003
0.22224803
0.696966
0.4557853
-0.1385046
-0.45654765
0.92912316
-0.5709563
-0.7570313
1.0485866
0.017086329
-0.80131155
-0.14067627
0.17442755
-0.7519976
-0.1946463
-0.58843887
0.40171066
0.22215632
-0.13101274
-0.5885104
0.7450666
-0.49572292
-0.8111299
-0.15010469
0.33677825
-0.73944885
0.08975661
0.5533203
0.00426975
0.46696705
-0.17409565
0.8025215
-0.10106795
0.021312078
0.80395675
-0.54560435
-0.09211682
0.14849484
0.05026523
-0.28623745
0.5845917
0.03827795
0.23565407
-0.9578554
-1.0522431
0.8032591
0.5354721
-0.0813646
0.7884632
-0.97419703
0.30545053
-0.072778456
0.045076616
0.71200055
1.2143413
0.034814257
-0.35828978
-0.0027618692
-0.6126316
0.45646566
-0.11047578
-0.7870569
0.016440324
-0.02142228
0.3758505
-0.4637939
0.47063708
0.74130875
-0.6465215
-0.08819981
0.18550688
-0.03145288
1.2686639
0.39175028
-0.7269907
0.6730589
-0.8164675
-0.40056762
-0.52586156
0.35409254
-0.97219986
-0.17504014
-0.97746533
0.6206672
0.59855974
-7.410479E-4
0.7849362
-0.58422875
0.70484746
0.8587005
0.09353098
-0.073737696
-0.16166912
-0.7401744
-0.42744744
0.7459417
-0.6965797
-0.38738695
0.75787145
0.168899
0.87023777
-0.4969419
0.38538763
0.17395273
-0.15199876
0.60098046
-0.034474608
-0.49761277
-0.09298666
-0.33665675
-0.91980433
-0.12813912
0.34184864
-0.19670637
-0.6558344
0.5059209
0.5499511
0.09522755
-0.33513466
-0.84851396
-0.6422786
-0.45163798
-0.41850483
0.20652555
0.5244514
0.5260545
-0.1137229
0.44318435
0.096978195
-0.6208054
-1.1557543
0.69808793
-0.07408837
-0.12205195
0.07610648
-0.47103533
-0.4489933
-0.66023886
-0.08794426
-0.83739144
-0.36250862
0.5380061
0.56281924
0.2707159
0.269167
-0.6518887
0.050779045
-0.57530475
0.2637677
0.010216057
0.062518746
-0.48520812
-0.2577614
0.12905954
0.55696446
-0.10118513
-0.47138765
0.36902726
0.9994736
0.45640808
-0.98773754
0.5943988
0.11569592
0.5806826
0.51498306
0.134634
0.0061600124
-0.73436546
-0.4918875
0.94407487
0.28960752
-0.58207965
-0.27148446
0.50230217
-0.19239405
0.033244938
-0.8360223
0.7711183
0.45071235
0.03782193
-0.3052677
0.5870703
-0.27410734
0.64120275
0.15226735
-0.56950045
-0.47590858
-0.47022635
1.0140746
1.0225961
-0.30230248
-0.5722195
0.29988867
0.65025955
-0.37166595
-0.4877454
-0.3590499
-0.21996193
-0.08493794
0.4760815
-0.090011515
0.49817687
0.62352353
-0.5766583
0.6173082
-0.51579636
0.09402486
0.70624727
0.81385356
-0.9131947
0.6972866
-0.15536581
-0.15377812
-0.1377079
-0.820236
0.46015444
0.72915304
-0.39398363
1.0849644
-0.75975907
0.69507605
0.5835144
0.46038723
-0.5599308
-0.7556833
0.8255314
-0.7868079
-0.25460854
-0.14775579
0.80037856
0.11345203
0.51564413
-0.16266052
0.27182537
-0.38430175
-0.21252912
-0.30016226
-0.39706004
-0.28861472
0.3303779
-0.023283632
-0.119650036
0.5077071
1.005207
0.48808184
-0.9281647
-0.4213879
-0.7132359
-0.6190544
-0.3302492
0.79315543
-0.54862714
0.35494497
-0.33024567
1.0973966
-0.25926974
0.1422327
-0.6278344
0.14770803
-0.0592868
-0.8421605
-0.31283364
1.0371542
0.20813434
-0.11687302
0.79350585
-0.26624477
-0.27896303
-0.49502522
0.096446134
0.33842057
0.72996074
0.21457043
0.22525154
0.4970177
-0.016183684
0.66360605
-0.13466105
-0.5935683
-0.8984852
-0.6825148
-0.0442501
0.61098546
-0.4859562
-0.24487336
0.6363593
-0.2872604
0.06776859
-0.40366527
0.42173135
0.17156412
-0.68686265
-0.16299115
0.49850595
-0.80514055
-0.20265926
0.5523893
-0.7539159
-0.25647408
-0.7699176
-0.081413135
-0.20540282
0.8183845
-0.31756905
0.5102912
0.73767453
-0.5516711
0.49531215
0.102715135
1.0128537
-0.44689068
-0.23864949
-0.31976613
0.30611587
-0.85799664
0.058319226
-0.77361995
0.75233096
0.4641378
-0.19062634
-0.3664723
0.27656606
-0.3513732
0.86248034
0.37382856
0.8375957
-0.7309458
-0.7207009
0.02165287
0.7385962
-0.6751026
0.7485046
0.20048362
-0.6293774
-0.618467
-0.8223234
0.73153645
0.09136874
-0.18678233
-0.25064456
0.19383183
0.46950883
-0.025349446
0.050890416
-0.0556715
0.65063745
-0.046388596
-0.96614546
0.1925855
-0.5160387
-0.72747195
-0.2359529
0.31451812
-0.2769804
-0.22256993
-0.72301406
-0.43490857
0.9216695
0.8992367
0.25572944
-1.0623709
-0.47614035
0.7175379
-0.63527334
0.23433973
0.64383155
-0.54691315
0.2969735
0.0972988
0.08032846
-0.6542216
0.4142509
-0.17677167
-0.28424847
0.7780715
-0.17255327
0.32795322
-0.4769435
0.8426917
0.6199459
-0.9066745
-0.5459736
-0.36119884
0.6991683
-0.03662971
0.0073668053
0.5686325
-0.30046904
0.14268173
1.0401399
-0.9377798
0.764974
0.112086594
-0.5560864
0.7404948
-0.13117628
-0.19870394
0.20675363
-0.8392745
0.64282167
0.39909306
0.3045491
0.396007
0.039190657
0.035204343
-0.39939222
0.6122912
-0.056446716
-0.08574708
-0.50488317
-0.04927781
-0.9573134
0.3858939
-0.65727675
0.94920975
-0.7099837
0.35827973
-0.81928647
-0.495877
0.90110725
0.8925864
0.2632196
0.14049171
-0.5782541
0.32213318
-0.45089442
0.51517874
-0.35029474
0.60115963
-0.14669438
1.0301437
-0.62046933
1.1119803
0.94449943
-0.92899334
0.6641985
-0.6360763
0.61429614
-0.1064475
-0.67415273
0.9290702
0.4037441
-0.016916178
-0.7912868
0.66815424
-0.47635245
-0.9711816
0.823972
-0.6542404
-0.7935769
0.4562502
0.67298967
0.40450954
-0.55370426
-0.18498774
-0.04206204
0.23442803
0.23913722
-1.0821179
0.70839465
0.115728304
0.4958717
-0.8341425
0.16382638
0.40563443
-0.50834787
0.57119584
0.43212903
-0.14727993
-0.44483307
-0.35113722
1.0989692
-0.3736104
0.054893147
-0.6038202
0.57343787
-0.38567483
0.4967398
-0.4124575
1.0575589
0.24855031
0.83960927
0.45235816
-0.4325471
0.004821111
-0.46551627
0.28660795
-0.1806755
1.004568
-0.22975828
0.45518228
0.8145272
-0.8501951
0.5526537
0.67531425
-0.66777754
-0.24762963
0.97298926
-0.6092112
1.0005112
-0.6212829
0.25192055
0.8188509
-0.017071668
0.96154433
-0.18429732
-0.40414983
0.10890765
-0.36456096
-0.13647693
-0.31858
0.73411125
-0.18401392
0.22406775
0.2385284
-0.017884362
0.6087552
-0.59467316
0.8325694
1.1630666
-0.055163883
-0.53339213
-0.22588468
-0.14428192
0.7361545
-0.47823262
-0.0029802022
0.3314172
0.50011957
-1.0556161
0.21699633
0.8573464
-0.37951478
0.2894331
-0.83820254
-0.24004383
0.18504822
0.70015526
0.7807788
0.8529997
-0.0752613
0.24740957
-0.24497528
-0.2936923
-0.42836836
-0.13130134
-0.68650734
1.0431718
-0.11449403
-0.62428933
0.9077996
0.27596134
-0.29821908
0.05617696
0.43591547
0.35943672
-0.30833972
0.12680547
0.71963054
-0.9616714
-0.27751583
0.23832625
-0.50304216
0.81547624
-0.89255095
0.6598328
0.4990996
1.0125653
-0.85437834
-0.7806067
-0.15335713
0.0918673
0.08025595
0.29970732
0.7496038
0.32591885
-0.2557928
-0.7018645
-0.21688917
0.49680215
0.0692941
0.35037228
0.024929356
-0.2901524
-0.6030896
0.099457644
-0.4385907
-0.59731454
-0.123550676
-0.88202035
0.63345224
-0.060895536
-0.067047656
0.5640137
-0.87105435
-0.46239677
0.5179402
-0.23521708
0.515742
0.11895489
0.81765324
0.4932018
-0.03608925
-0.7279122
-0.3041205
0.36294731
-0.54646623
-0.6310622
0.41055855
0.01846808
-0.5971861
-0.08464928
0.6166611
0.55074507
-0.81562155
-0.6779181
0.09212929
-0.6750633
-0.19866274
0.3013262
-0.35452196
-0.8106528
-0.94342375
-0.51534504
-0.0833343
0.10304901
-0.387457
0.9214487
-0.7901781
0.04482508
0.3856373
0.053640276
-0.906577
0.85046226
-0.12972605
-0.59976757
0.64097303
-0.108821556
0.41219524
0.68545943
-0.25171575
-0.45218834
0.17157596
-0.41603163
0.5154369
-0.6584572
-0.5747698
0.41430664
0.7436841
0.3764725
0.65096116
-0.26842642
0.5590781
-1.1683097
-0.38715556
0.13805522
-0.07490964
-0.9789848
0.80842626
0.4927054
0.20425393
0.2556476
0.45988962
-0.656133
0.13888176
0.2629425
0.8617963
1.1008538
-0.77891046
-0.61678016
-0.11115881
-0.682799
-0.41649896
-0.5311879
0.044418663
-1.1560329
-0.31081492
-0.63105845
0.5542739
0.57586056
0.13250211
0.8010167
-0.73930734
-0.034911595
-0.24244674
0.15810238
-0.6698279
0.14464544
-0.7193271
-0.84527326
0.8036494
-0.39036793
-0.076040335
0.7185693
-0.23347396
0.28068057
-0.5873955
0.037719704
0.20980933
-0.9769099
0.25022736
-0.8802585
-0.36198673
0.51425284
0.64823794
0.027199013
-0.37537822
-0.91596204
-0.42143083
-0.70300597
0.5896143
0.25259972
-0.5056208
-0.52281
0.19794907
-0.84815097
-0.4747026
0.18196858
0.66002405
0.49564177
-0.5336855
0.10059646
0.3533412
-0.3681641
-0.10231164
0.62382555
-0.74065346
-0.04830222
-0.6054315
-0.8208702
-0.5033126
-0.275417
-0.74151564
0.9730919
0.0552466
0.48934478
-0.38036847
-0.040575814
-0.10386333
0.45945036
-0.53238314
-0.5511775
-0.35509598
-0.5793782
-0.4412783
0.6531713
0.7524533
-0.69787765
-0.4676732
0.49423414
0.55702966
0.41447428
0.040495373
-0.8563094
-0.091586016
0.8908674
0.30329043
-0.3628406
-0.53351766
0.82701445
0.180242
-0.9210497
-0.866396
-0.0055003203
-0.29854858
-0.9832935
0.17838204
0.10235435
0.031318743
-0.6997245
0.684639
0.9638639
-0.82875025
-0.44013932
-0.9893385
-0.13705081
0.17707145
0.5367718
0.4201637
0.122475125
0.5789736
0.35965592
0.48831153
-0.5955802
0.7942616
0.013640367
0.034062177
-0.18287937
-0.15210398
-1.1036543
-0.9140509
0.56777245
0.7337531
0.7768774
-0.9336473
-0.08063041
0.01949118
-0.5737932
-0.39242107
0.91416633
0.79608536
0.34390274
0.5463695
-0.80307454
-0.7965788
0.9171207
0.7630663
-0.7540764
0.15638605
0.7266491
0.12863038
0.9623596
-0.0191886
0.21055542
0.4319106
0.5016007
-0.60847265
0.735832
0.57849646
0.8729581
0.28250128
-0.96235347
-0.21481548
-0.28865358
-0.586472
0.77597165
-0.06742039
0.5775685
-0.52643055
0.019346612
0.5823981
0.16845173
-0.054157328
0.4700829
0.92966646
1.0395932
-1.2209264
-0.23040634
-0.3784789
0.04757591
0.5186607
-0.35013407
0.48266032
-0.66053265
-0.14195947
-0.21361166
0.4969679
-0.04251456
-0.16811067
0.75430197
0.06927882
-0.678971
0.27803165
0.24413566
-0.03866925
0.73593664
0.003247987
-1.006522
0.6486309
-0.07605356
-0.13398264
0.5773283
0.0065533235
0.47627032
0.49792874
-0.4305846
0.44939205
0.4667856
0.08833905
0.8385862
-0.74435234
0.48147464
0.2762483
-0.20390674
0.46607578
-0.15149651
0.0822419
-0.44125682
-0.20770462
-0.071723305
1.0151355
-0.7033704
-0.105811164
-0.8941543
-0.4483462
0.9012665
-0.3615396
0.34264836
0.25590172
0.018193627
-0.8582914
-0.7460318
-0.6637039
0.66494554
0.6211495
-0.633405
0.798354
0.48587197
0.5093722
0.14525144
-0.29959872
0.18368286
-0.58344156
-0.00532806
-0.13865535
0.2885813
0.6610609
0.021201398
-0.89668655
0.14223373
0.031036021
0.12003799
0.56923574
0.79155195
-0.38080105
-0.5974558
-0.869545
0.4789014
0.8048357
0.40625158
-0.7980777
0.6741296
-0.65447897
1.0676867
0.7279635
0.333231
0.6217702
-0.6081013
-0.5841052
-0.33075902
0.5416986
0.4712447
0.5986513
-1.1780336
0.7332049
0.05174276
0.10932859
-0.8561054
-0.6404173
0.7472264
-0.38184625
0.7312811
-0.28591296
-1.0816319
-0.003306802
-0.76652014
0.60541767
0.46537867
-0.57826746
0.47176555
-0.23586005
0.3241841
0.94207823
0.11076549
-0.75807744
-0.21964377
-0.5061083
0.31048068
0.0593447
-0.09040719
-0.8192812
0.5655343
0.5685198
-0.18428734
0.06516945
0.4064377
0.9115572
-0.056673236
0.10424665
-0.02363739
-0.2134991
-0.654837
0.4932491
-0.7493586
-0.74930423
-0.2379664
0.25332975
-0.77847254
0.38990402
0.8888479
-0.062145248
0.33239534
0.4448638
0.83822584
0.6020974
-0.1096181
0.14232992
0.66312367
0.053383417
0.5192442
0.44967636
-1.051172
0.2329693
-0.7012245
0.09321557
-0.3845878
0.08335779
0.104188554
0.60739875
0.5382281
0.23413527
-0.027171943
-0.10734166
-0.033354685
-0.84383154
-0.19140676
0.6835748
0.07913288
-0.278338
-0.9203756
0.24114092
-0.634758
0.7321427
-0.0934999
-0.38458014
0.67454106
-0.5250175
0.05858269
0.5623778
0.13731878
0.46432605
-0.609951
-0.7090804
0.48792246
-0.29661253
-0.4997126
-0.57531863
0.784767
-0.4382208
1.0376188
0.14752142
-0.80307454
-0.18267787
-0.67046016
-0.8195661
0.69345474
0.21532242
0.0017304484
0.4843421
-0.94263464
-0.3230782
-0.2765016
0.5113081
0.25383127
-0.30980912
0.8950186
-0.93893063
-0.47403422
0.9527063
-0.49150285
-0.37366885
0.35210046
-0.5518383
0.20946757
-0.35529515
-0.6271066
0.8391453
0.86765724
-0.43307573
-0.46831065
-0.89383334
0.24905488
0.58565
0.030433653
0.79642063
0.5520381
0.3641838
-0.5172934
-0.6901309
0.58156484
-0.9186406
0.08854709
0.15782014
0.86708415
0.591048
0.16902567
0.53696847
-0.55948746
0.8056785
0.7915759
-0.32159337
-0.70485467
0.35245782
-0.77946854
0.52174926
0.7296264
-0.6457291
0.0076732324
0.84127027
-0.76332
-0.4170286
-5.504934E-4
0.9757695
-0.65354496
0.34949622
0.31566432
0.8641148
0.29753146
0.79874885
0.5355723
-0.270041
-0.6687593
0.3251614
-0.056413654
-0.4255107
0.53115034
0.45406023
-0.46997473
-0.71657574
-0.6651751
-0.5681099
1.0795583
-0.83326256
0.691662
-0.90785134
-0.519918
0.59736407
0.69194394
-0.44748744
-0.0109306825
0.79383147
-0.3981563
-0.021904325
-0.24948406
0.7606298
-0.059647653
0.36329928
0.7433956
0.558031
0.36271757
-0.83148557
0.71206415
-0.434172
0.12526576
0.6900678
0.7321125
0.4921911
-0.35994533
0.3413284
0.76852953
-0.89221597
-0.5177878
-0.5882645
0.7168293
0.101233795
0.45809186
0.30610242
-0.5452692
-0.52236
0.4794701
-0.6359146
-0.9096477
-0.7734536
0.6628786
-0.5673897
-0.31265163
0.050078824
-0.25860327
0.2767242
-0.7588176
0.054036096
0.46248037
0.36486578
0.24390633
-0.29549593
0.35501647
-0.4696839
-0.39239493
0.8406675
-0.0790594
0.1611434
-0.6422034
-0.38296378
-0.23772262
-0.21073261
-0.8959465
-0.2829015
-0.94455415
0.8463711
-0.37221637
0.14569281
-0.25987092
-0.49474585
0.8970311
-1.0769546
0.18641432
0.23918743
-0.3120011
-0.019492218
-0.096535675
-0.15696853
0.23241986
-0.41483194
0.76138043
0.05605145
1.0504416
-1.074963
-0.0291633
0.5562758
-0.2926649
-0.5192631
1.005607
-0.89943373
0.5291634
-0.48859107
0.25835738
0.3750513
1.0756044
0.19180146
0.95508206
0.82607037
-0.3685376
-0.20450525
0.06637923
0.697685
-0.1639931
0.0962386
-0.65021634
-0.07030865
-0.13334832
-0.21162696
-0.15688796
0.6594617
-0.48836088
0.751405
-0.33501872
0.49841967
-0.5295061
0.33801347
-1.0799055
0.40408462
0.7807973
-1.1064346
0.05403698
-0.8048581
-0.051401187
0.41780218
-0.4047522
-0.14008214
0.57329834
0.109598644
0.2809999
-0.7612448
0.96647197
0.8248466
0.16630377
1.2891501
0.008568752
-0.4705378
-0.7228416
0.8622437
-0.6240146
-0.64114475
0.9098291
0.23677807
-0.046077304
-0.3731871
-0.090851985
-0.49126595
-0.50772023
0.42616102
0.4395586
0.20093474
0.6618032
-0.2927178
0.9028021
-1.0014205
-0.70690536
-0.8810672
-0.48718983
0.5989212
0.54851633
0.040842406
0.5671134
-0.16937311
-0.20867021
0.7945981
-0.9452116
0.61986613
0.85516375
-0.19887199
-0.03524819
0.19624723
0.3649414
-0.32228947
-0.21500461
0.2481674
-0.81717116
-0.041591384
-0.8023119
0.25455564
-0.67027736
0.8137656
-0.48318052
-0.55235744
0.6291674
0.81519514
0.31079638
-0.9577357
0.49493977
0.82314897
-0.73941743
0.50322
0.16997774
0.3228348
0.66411483
-0.5189681
0.7466118
0.67554164
-0.6339978
-0.54732054
-0.48199975
-0.65320414
-0.2777621
-0.39149955
-0.7891202
0.66981196
-0.65041083
0.13039611
0.65373766
-0.21180646
-0.2621347
-0.5995541
-1.0661957
0.5143688
-0.47256535
0.660576
0.24044509
0.30019802
-0.82274306
-0.94143367
0.3806611
0.1510447
0.49031407
0.8304638
-0.5991663
1.0337803
0.52890134
0.29856694
-0.6937073
-0.64429593
0.54862076
0.4918468
0.56888497
-1.0058237
0.7301494
-0.019699259
0.80557835
0.19041605
0.21898927
-0.49201807
-0.7001103
-0.69763535
0.7667366
0.57556236
0.7713941
0.16690275
-0.5814938
-0.5065354
-0.2275174
0.2968619
0.5237549
-1.1912655
0.7230835
0.4636157
0.056905113
-0.3496999
-0.044874787
-0.47728527
0.31284004
0.2157744
0.4661076
0.8072293
-0.77569205
0.45169327
-0.35173875
-0.90549195
0.72395265
0.022635572
0.7577936
-0.13864253
-0.48285803
0.83166593
0.2876191
-0.20509078
0.45927376
-0.33519635
0.35134274
-0.27555454
-0.30691612
-0.59075105
-0.5836818
-0.24162672
-0.44839013
0.83073646
0.72267956
0.95628864
-1.0953137
-0.1612513
0.6179659
-0.899911
-0.0778377
-0.13777567
-0.24665473
0.16436993
-0.25229004
-0.21314952
-0.08852391
-0.5518318
-0.685783
0.8083051
0.6880284
0.47426322
-0.33584255
0.61893624
-0.53429925
1.0733076
-0.82420594
-0.10229527
0.10831061
-0.73947734
0.12632014
-0.029617678
0.6188091
0.49461323
0.7321404
-0.68939227
-0.88786536
0.8645815
-0.7284904
0.6773486
-0.71433616
-0.5918658
-0.17849147
0.27416995
-0.049032014
-0.36872673
-0.89648014
0.6479766
-0.5280864
-0.4986936
-0.6969429
-0.70483845
0.09072025
0.25235477
0.5607675
0.44218755
-0.31352013
-0.6997541
0.99270934
-0.564595
0.29853418
0.7066953
-0.3829777
-0.44303566
-0.28600898
-0.5696455
0.3600638
-0.5099813
0.4107302
0.5560745
-0.023497581
-0.0742701
0.8978771
-0.1390003
-0.80838424
0.5587017
0.061914124
-0.2458677
-0.3555704
-0.73743606
-0.5026462
0.21995325
0.7127587
0.20346361
-0.72571665
-0.53643686
0.8639723
-0.19027276
-0.44686276
0.7579493
-0.12649366
-0.43845102
0.05122153
0.74008626
0.04922433
0.22413985
-0.4790027
-0.5604777
0.44014698
0.63453954
-0.032713767
0.23660748
-0.048935965
0.3524778
-1.0560136
-0.49312684
-0.45402324
0.35761356
0.49027422
-0.28941503
-0.4643092
-0.27944604
0.4410762
-0.57097614
-0.19707477
0.122443005
0.056440786
-0.18232286
0.6132382
-0.53027654
-0.5222505
-0.4165294
-0.061900154
-0.29332265
-0.61720395
-0.8967295
0.84670424
0.5074259
0.5393495
0.04832943
0.46574768
-0.42673117
0.34907082
-0.29264817
0.5420603
0.12023347
0.63402003
-0.052863017
0.56188995
-0.6334654
-0.2156482
-0.10790478
0.8550891
-0.5753453
0.4325771
-0.70612234
0.27573258
-0.072169945
0.328324
0.22559652
0.6134167
-0.48604524
0.16070195
-0.7754181
0.33795866
-0.05517023
0.56769496
-0.08108159
1.065894
0.044067178
-0.18167461
-0.49791244
-0.4536804
0.005374355
-0.38366956
0.56601614
0.49838814
0.6664126
0.5946892
-0.5702677
0.0490578
-0.26577553
0.44747832
0.34579998
0.35132277
-0.6440737
-0.5874355
0.3769246
-0.71280235
1.019725
0.22840324
-0.041651547
0.21646322
-0.71801215
-0.75547546
-0.081472896
0.83311445
-0.8645363
-0.7497759
-0.9401856
-0.75557256
0.9725558
-0.83214694
-0.049896296
0.2657746
-0.8396777
0.21281011
-0.13785341
0.47079346
0.15205015
-0.76905775
0.36427268
0.10747831
0.84897965
-0.44087827
-0.05306994
0.51296484
0.7125305
-0.15327407
0.9247661
0.3252028
-1.0111004
-0.9654534
0.20512107
0.34586686
0.46576712
-1.0656041
0.23220915
0.2391365
-0.312696
0.015029589
0.037335172
0.5231772
0.71610475
0.613817
-0.9709547
-0.42597112
-0.30722597
-0.52667034
0.6683916
0.6887309
-0.1628095
-0.25224254
-0.7673164
-0.16383159
-0.7229419
0.9338331
-0.4183447
0.054006014
-0.15912235
0.6272992
0.24779308
0.094509825
0.8575034
-0.17693406
0.6748641
-0.31170127
0.39659503
-0.72113705
0.3471569
0.3585053
-0.65732694
0.372345
-0.40721706
-0.6284677
-0.075641856
-0.11136298
-0.17016207
-0.35159427
0.2053129
-0.09992795
-0.37273958
0.80691004
0.28361735
0.024314424
-0.48564658
0.41056517
-0.7744731
-0.38648677
-0.5785501
0.100161426
0.7512611
0.76362157
-0.3052296
-0.44219887
-0.8440114
-0.33090964
0.393518
0.8383126
-0.32729858
-0.84462357
0.23383443
-0.75632215
0.7449881
-0.59501284
0.5382182
0.49450994
0.59098715
0.3137958
0.44921246
-1.0148807
-0.4604956
0.659728
-0.58891064
-0.40673545
0.4594822
-0.6454329
0.5848108
0.28938034
0.6655239
-0.32921544
1.1331705
-0.5289918
-0.61598027
0.4883957
-0.2789867
0.5458753
0.42063648
0.21433596
0.39728993
-0.41093868
0.36258203
-0.3242715
0.46941206
0.29963598
-0.83842134
0.21170507
0.95345944
-0.013190124
-0.8887668
-0.78408825
-0.37281728
0.6184292
-0.3443335
-0.10101424
0.6848306
0.77400756
-0.58690715
-0.09993811
-0.20335321
0.041695796
-0.6607982
0.49070355
-0.5604728
0.41944656
0.55485827
0.34105182
0.65256137
0.31352827
0.6196474
-0.5153331
-0.8067997
-0.035533253
-0.78957677
-0.75237817
-0.27797526
-0.76104677
0.6138037
0.0078624645
-0.2987788
0.90686446
0.45770887
-0.49804813
-0.4748078
0.07599744
0.02685763
-0.3446035
-0.21127838
0.20048833
0.4742118
-0.6486407
0.4020978
-0.10158688
-0.29287392
-0.010678903
-0.077346966
0.26267242
-0.6360347
-0.16246206
-0.5880814
0.39348504
0.3358514
0.16210477
0.08510514
1.0807128
-0.47269914
0.92604643
0.6745402
-0.29743695
0.54042494
0.11137373
0.67212063
0.7305734
-0.48485434
0.41060194
-0.577793
0.41120207
0.5129526
-0.639737
-0.74067354
0.68182
0.9274489
-0.41601327
-0.9944749
0.16254088
-0.7695466
0.45807064
-0.7053642
0.37862322
-0.2341654
0.77603334
0.4312603
0.37332913
-0.7598954
0.7745713
-0.58406466
-0.3496485
0.54888684
-0.41568258
-0.54369277
0.5975216
-0.047900405
0.6054856
0.221505
0.27956918
-0.9528471
-0.07595792
0.5613831
-0.5463764
0.40866455
-1.080972
0.57612556
-0.1957876
0.5750868
-0.6942338
0.42780554
0.80601543
-0.21709457
-0.25431475
0.7706146
-0.13140179
0.24725223
0.47020727
-0.9779527
0.1041351
0.72999966
-0.05855206
-0.2657179
-0.2958202
-0.6475348
0.071696594
-0.53366745
-0.33107027
-0.73525953
0.7808447
0.9056403
-0.65653527
-0.4000877
0.65128165
-0.086660095
-0.11476032
-0.41341585
0.5201186
0.15329508
0.2574644
0.32813463
-0.8677252
0.6983737
0.31177798
0.70486504
-0.82741475
0.35693982
-0.7370743
0.60401523
-0.33895072
-0.6952857
0.7218074
-0.12129185
0.6301803
-0.10822021
-0.6988961
0.43333465
0.21156879
-0.01321469
1.0456748
-0.12567222
-0.7528135
-0.58607465
0.05186609
0.46272194
-0.5653574
0.18028043
0.8020698
-0.36343753
0.29846102
-0.9123552
-0.09840725
-0.030148523
0.05188733
-0.18715851
-0.7048823
-0.6541549
0.957028
0.9764871
-0.028954567
-0.06323278
-0.47964284
-0.38279513
-0.5918665
0.26634657
0.50488776
0.9327144
-0.34166378
0.15565374
0.7015557
-0.6682417
-0.12516956
0.71016437
-0.26867548
0.12166888
-0.13944173
-0.058228962
0.43053997
-0.35453877
0.07601942
0.4442241
0.24347602
-0.37598038
-0.17115688
-0.263119
-0.57381946
-0.7070507
0.22790919
-0.57541156
-0.640448
0.59934276
-0.12366916
1.1364057
-0.6120811
-0.4072447
-0.82213503
0.4170558
-0.801921
0.521182
0.25460812
-0.50939584
0.9510805
0.28466856
-0.087051995
0.4918951
0.8350273
-0.6314517
-0.5268641
-0.24561536
-0.7280917
-0.46972683
1.3252225
0.28271767
-0.49343914
-0.5304198
0.8360399
-0.034763053
-0.66581774
-0.77428925
0.61213577
0.6737247
0.36384633
0.64700645
0.47703493
0.4908063
-0.69020957
0.62739015
0.64752203
0.113305725
0.05679771
0.32104987
-0.83497524
0.18150808
-0.13625929
-0.6306697
-0.6771489
-0.5047903
-0.28683844
-0.48737216
0.80919766
-0.11928676
-0.31479463
-0.42699835
0.45821783
-0.912121
-0.7848263
0.46011922
-0.09698486
0.21265343
-0.3798792
0.76929533
0.04721658
0.15505232
-1.026639
-0.07879464
0.6122026
0.22898924
-0.12931846
0.28412324
-0.28521854
0.6717562
-0.06352344
-0.11002379
-0.30901837
-0.8175705
0.51427335
-0.359794
0.8672494
-0.35090354
0.1061082
0.2694469
-1.1789017
0.4215413
0.52884924
-0.06481723
0.36740014
0.51736933
0.7293174
-0.6438571
0.23089804
-1.0957555
0.33919066
-0.29202718
0.7914081
0.08390484
-0.2859828
0.422529
-0.6517269
0.25729746
-0.61193794
0.33039173
0.15793318
-0.1162347
0.56267595
-0.25973025
-0.4695851
0.78110814
0.2906799
0.6237386
0.08745525
-0.11688175
0.6519304
-0.21569009
0.05710099
0.3660727
0.1312827
0.60353506
-0.2029324
0.5581828
-0.7764623
0.1947773
-0.028781706
0.5646197
0.51857024
0.3317062
-0.7977775
0.9213166
0.0903431
0.68789697
-0.31746045
0.58045745
-0.9210539
0.85251474
-0.6285029
0.78727174
1.0393759
-0.63223624
-0.68044937
0.18627185
0.23648514
0.58205855
-0.45837513
0.034494188
-0.971287
0.68518853
0.84288675
0.5519532
0.3601128
0.79078627
-0.44302815
-0.12821496
0.32038036
-0.9563621
-0.3068449
0.7322567
-0.99424046
0.04916632
-0.28067946
0.22082774
-0.9430243
-0.31605932
-0.3466308
0.23326583
-0.4380123
0.7370179
-0.33019754
-0.7743688
-0.86460745
0.31172284
-0.90065634
0.38412383
-0.57582366
0.83176076
0.39478943
-0.30502298
0.46741334
0.66348606
-0.5780918
0.16671805
-0.4472666
-0.3786122
0.16285402
-0.5172051
1.1487452
-0.61429864
0.016226506
0.71766436
0.38622355
0.5783799
-0.65053236
-0.23211436
-0.28762013
0.7465114
-0.35346994
0.93173885
-0.65446436
-0.39552423
1.0003463
0.55324084
0.6017735
0.11008507
-0.17850539
-0.026831787
0.77908564
-0.3403829
0.5091618
0.22112052
0.56395113
-0.47956377
-0.6918139
-0.64256376
-0.6609951
-0.648629
0.6083246
0.7822651
-0.18742093
0.7428674
0.33129188
0.41751435
-0.89066714
-0.4386017
0.55511105
-0.67297
0.5985593
0.09203405
-1.1088943
0.71073806
-0.46420676
0.37627468
-0.9621158
-0.78085744
0.22269253
-0.18576595
-0.17626072
-0.05761954
0.09058131
0.20065616
0.29976004
-0.7429489
0.8011136
0.8011575
0.04347099
0.49056625
-0.8960198
-0.3057425
-0.5232445
-0.36195108
-0.76017183
0.2940115
-0.1817233
-0.7619093
0.7295302
-0.14946307
0.033936284
0.90200984
0.70277184
0.1367582
0.21090674
0.34540957
-0.4174843
-0.12518694
-1.0173397
0.3333553
-0.26458776
-0.69814634
-0.72352725
0.32951406
-0.59567034
-0.1587222
0.39607725
-0.12884459
0.40082544
-0.22805546
0.39409164
-0.23234087
-0.9029475
0.11717895
0.1317385
0.10928948
-0.93440294
-0.74643755
0.1565585
0.11567202
0.5194419
-0.7550124
0.5932582
0.6403725
0.52560943
-0.6773439
0.794894
0.18659447
-0.4576458
-0.47141853
0.46465033
-0.4683227
-0.60619146
0.5958217
-0.69127595
-0.012102188
0.20192818
-0.35189882
0.3133801
0.17044723
0.22285242
-0.48893997
-0.7920007
-0.72702163
-0.23936816
0.74589676
-0.75377476
-0.3874714
-0.3375695
0.11763857
0.39471206
0.21450755
-0.0061696144
0.46976694
-0.95505565
-0.22713007
-0.7763595
0.41394728
-0.54557073
-0.8956843
-0.3283762
0.21397668
-0.9495161
0.8672183
0.1410508
-0.33624506
0.3773885
0.96570385
0.8381928
-0.23502208
-0.61527145
0.35276258
0.3371322
-0.14117596
-0.782974
-0.8240387
-0.10118548
-0.7073082
0.1914947
0.21799992
-0.109699175
-0.30105338
-0.0025935916
0.33183214
-0.04355583
0.6292381
0.7353243
0.69120246
-0.9663541
-0.5621192
-0.21008049
0.71583784
0.55527025
0.1809395
-0.8395054
0.7816101
-0.8285155
0.7781981
0.23233822
-0.57980824
0.18267271
0.11101518
0.4598701
-0.45230904
0.12817016
-0.9000007
-0.3758055
0.7842349
0.7547061
-0.9146629
0.4116007
-0.45852295
-0.72819453
0.38302776
0.060393393
0.85446686
-0.22124144
-0.3534455
0.44261277
-0.30591267
0.054414302
-0.6634224
0.06435356
-0.12316405
-0.23353481
-0.61450934
-0.540061
0.5311964
0.7375514
-0.51025444
0.16392064
-0.2853889
-0.35700786
-0.36489344
-0.16600901
-0.48001277
0.43385345
0.719652
-0.2991822
-0.6639659
0.6853459
0.09004603
-0.54725665
0.683749
-0.71900415
0.13802788
-0.33003
-0.12437721
0.5762595
-0.94911397
0.3383835
0.7041915
-0.48487177
-0.26398996
0.73842037
-0.7107992
0.37864825
-0.80091935
0.16864474
0.049104743
0.08217081
-0.08740957
-0.6355148
-0.19105041
0.78125507
-0.63202983
0.041574236
0.4667673
-0.66599447
0.7264139
0.7587851
0.594877
-0.90200156
0.68529093
0.333797
0.3226159
-0.50363207
0.7578424
0.73509526
0.6123316
-0.46120775
0.18558681
0.07627987
-0.2500605
0.75356895
-0.6293039
-0.010669055
0.93469965
-0.8505338
0.7384198
-0.261893
-0.6166564
0.29494825
0.49227187
-0.19217667
-0.76080745
-0.38084084
0.4725072
0.10058107
0.3065969
-0.62702817
-0.5803233
-0.25192127
0.81055444
-0.13996823
0.58744335
0.6071554
0.11031198
0.39998168
-1.2129812
0.64305407
0.5304085
-0.98858434
0.5104441
-0.9236626
0.24679317
-0.05004557
-1.0396581
-0.082845986
-0.23723175
-0.09714629
-0.7847298
0.5689937
0.6400209
-0.98926115
0.5100673
0.767793
-0.52051365
0.91542804
0.65058684
-0.75204504
-0.48940828
0.45607463
-0.07330987
-0.38905892
0.13473843
0.12771721
0.5793545
0.15359391
-0.37038738
0.5569172
0.4555918
-0.23427871
-0.26992756
0.99721503
-0.4127162
0.23711513
-0.5720209
0.5729761
0.66025925
-1.0564883
0.7835446
-1.0737492
-0.12330237
0.7710866
0.16872989
-0.460094
-0.7706764
0.055349685
-0.05190435
0.7602153
1.067446
-0.44187668
-0.3665774
0.03433029
-0.7633525
0.25960323
0.21288987
-0.31689152
-0.6350665
0.27591184
0.5596215
-0.05505168
-0.46998912
1.0379666
0.026884383
-0.12789303
0.41018683
0.69471395
0.41312978
0.39389202
0.093968906
-0.2276941
0.4858443
0.96373457
0.649062
-0.14214808
-0.68062335
-0.8342296
0.027602687
0.24479188
0.7930289
0.7359538
-0.65800506
-0.40665856
-0.6685439
-0.423395
-0.09348822
0.41048044
0.33603796
0.27555352
0.32197905
-0.14664847
-0.5828147
0.43421704
-0.3920198
-0.38504115
-0.5432727
0.0724563
-0.567262
0.045111816
0.42875263
0.19526446
-0.4370896
-0.8830015
-0.7405855
0.65474737
0.22529441
0.6286162
0.34637824
-0.50356203
0.2217144
-0.1635829
0.2665912
0.36385283
-1.012211
0.682146
0.06951631
-0.32664376
0.04708076
0.8142195
-0.085356005
-0.16065457
0.33201432
-0.71135503
0.46185935
0.35808024
0.7897812
0.4267228
0.1360508
-0.58698946
0.44414312
-0.54772276
0.30199653
0.68445975
-0.47701395
0.6065528
-0.2861027
0.3344719
-0.15427111
-0.06554522
-0.31036362
0.6679531
-0.28408968
0.056650266
-0.51688004
-0.92474365
-0.56973714
0.78822815
-0.3985263
0.45088324
-0.038812924
-0.71738803
0.1097349
-0.23155898
0.751442
0.90436447
-0.7354642
-0.39522138
-0.46561882
-0.566788
-0.57704496
0.45111486
-0.509174
0.50595045
0.22223188
-0.5840108
-0.9656572
0.91652876
-0.79943746
-0.09307917
-0.7370897
0.8182467
-0.7851069
0.21329327
0.51977277
0.5428071
0.95269954
0.31493333
-0.71634805
-0.19631186
-0.04141403
0.66046256
0.12681839
0.5757738
0.117085926
0.13429873
0.35453948
0.2559784
0.31611893
-1.0252333
-0.45483515
-0.047302105
-0.6274082
0.4775603
-0.263962
0.1322473
-0.8682504
0.374883
-0.3812193
0.43930867
0.22130084
-0.20925078
0.77709746
0.40315074
0.46494156
-0.24293128
0.4802671
-0.8458453
0.29299635
-0.7041409
0.38934466
1.0121075
0.19066024
-0.9225401
-0.19757141
-0.9559228
0.8335296
-0.61035466
-0.40139744
-0.046155393
0.18566784
-0.55024374
-0.813576
0.90370256
-0.9435759
0.19309743
0.26180118
0.7954468
-0.9533555
0.16230848
-0.09666303
0.60341537
0.47501838
0.67701024
0.07763559
9.3811634E-4
0.36324653
-0.75379515
0.418194
-0.16945523
0.82051563
0.13511012
-0.43820527
0.8327405
-0.004853327
-0.5845599
0.6177654
-0.10833655
0.7888371
-0.66239655
-0.49675438
-0.36732015
-0.17039247
-0.2933719
-0.8085783
-0.13089931
-0.1885522
-0.46200386
-0.15326814
0.14638647
-0.13776784
-0.8071141
0.5528723
-0.07179067
-0.4939865
-0.5919018
-0.43801418
0.60611767
0.8255261
-0.7215012
0.82450354
0.9200107
0.46409822
-1.1250287
0.154371
0.14076224
-0.8513557
0.47141156
0.6226233
-0.6473981
0.48998174
-0.5359505
0.86134714
-0.2645269
0.11524404
-0.6209853
-0.072434135
0.055139095
1.0257015
-0.48909497
-0.3199619
-0.49203113
0.110036
-0.102407366
0.48828718
-0.44284245
0.43085054
0.7187425
-0.17684215
0.33810407
-0.6147599
-0.8378764
1.0393078
0.94775635
-0.2724802
-0.73318875
0.69783384
0.7006275
-0.12711796
-0.49256414
-0.0813625
-0.09885516
-0.66415584
0.8235126
-0.42376605
0.4360814
0.7953984
-0.40012872
0.25679865
-0.11657415
-0.56963974
-0.6748259
0.6737108
0.84308857
0.17935154
0.4202131
-0.72155535
-0.57406545
0.094489895
0.3641684
0.61771303
0.5072362
0.39211684
0.7828693
-0.15596017
-0.5792762
0.2505755
-0.08932431
0.617715
0.25988087
-0.9354605
0.0508267
0.734264
0.19311072
-0.71284163
0.07915501
-0.43181315
-0.25503072
-0.20195134
-0.15647435
0.54061157
-0.6920428
-0.26282588
-0.363658
0.8082796
-0.38423115
0.10707986
0.727711
0.78146863
-0.15905601
-0.01882244
-0.15841587
0.8348085
-0.18299945
-0.15365627
0.56914115
0.08379454
-0.24016914
-0.8712544
0.68058956
-0.721761
-0.2414752
0.2718986
0.38857353
-0.61156595
-0.47396713
0.6244261
-0.63814044
0.5337751
-0.124443434
0.61871445
-0.5005679
0.48818362
-0.7194208
0.006887097
0.09452214
0.39760932
0.6687554
0.07919034
-0.52007324
0.5410815
-0.58803964
-0.85684407
-0.7048509
-0.5432417
0.803214
0.5302562
-0.46403763
-0.5054399
-0.05655144
0.69026536
0.0755014
-0.16851723
0.53306997
0.5294676
-0.79816544
0.7016087
-0.40059286
0.17193563
-0.48466432
0.29395384
0.73515326
0.65470827
-0.6607634
-0.1826453
-0.6720601
-0.72248495
0.7450897
-0.83747786
-0.1700035
-0.35503027
-0.65505123
0.9426812
-0.73080015
-0.15162958
-0.7962319
0.22051604
0.13571294
-0.3119165
0.079869546
0.63759094
-0.3177621
-0.22305615
-0.50893694
0.3030219
-0.46759722
-0.8123359
-0.064302325
0.49273437
-0.59747684
-0.77246135
-0.07910405
-0.010697476
0.83645797
-0.064028725
0.486102
0.74081737
0.9863221
-0.69221836
-0.10329133
0.7517816
-0.8265494
-0.9069368
0.29353285
0.71072346
-0.94299555
-0.23919809
-0.70359737
-0.78104985
0.6148013
-0.70100254
-0.74218655
0.52744865
-0.75522625
0.8970016
0.13501392
0.6012946
-0.22014602
0.12077952
-0.7032858
-0.5925648
0.6983173
0.8112669
-0.9505682
-0.5968646
0.7508364
-0.3644253
-0.08929654
0.17520773
0.09124294
0.3018567
0.56335455
0.8590296
0.41322806
0.21935767
0.6944232
0.35273856
0.23604643
-0.44842225
-0.39705387
0.0045496617
-0.6537741
-0.8469114
0.5566446
-0.5882795
0.40657753
-0.32936487
0.56387335
-0.26227018
-0.22830902
0.09498089
-0.66907877
0.070447214
0.83638036
0.79666156
-0.61697143
0.00588693
-0.6339074
1.0090424
-0.42188862
0.025029391
-0.48411047
0.270045
-0.65399814
0.0013342313
-0.4681841
1.0111672
-0.00797384
0.43337926
-0.40352657
0.25602522
0.52030534
-0.5664109
-0.48030126
0.25830057
-0.91245985
0.5406947
-0.17357115
0.06618097
0.31780422
0.60839397
-0.92933625
0.4476303
-0.41337857
-0.9245603
0.5837058
0.48186085
1.0430835
0.6816684
-0.023972275
-0.15589058
-0.07283196
0.26496416
0.1572852
-0.3634357
-0.36249024
0.45127448
-1.0238607
0.32468495
0.7947932
0.18506381
0.7353792
0.47792107
0.33294332
0.040280048
-1.1008546
-0.39697012
-0.0579455
0.1859728
0.045005087
0.7745048
0.16230008
0.36151475
-0.2616547
-0.40675804
-0.78489983
0.7347724
0.9874495
-0.2505347
0.6943341
-0.6820356
-0.65749234
-0.71783704
0.98028713
0.7975856
-0.80286366
-0.2302314
0.54877555
-0.24747264
0.6165503
-0.26306957
-0.99970365
0.18776894
0.26068023
0.9052744
-0.85394
0.21663444
0.88373554
-0.41306207
-0.04498201
0.21186666
0.026166992
-0.8259692
0.4483111
0.28771245
0.8956089
-0.32914868
-0.40176687
0.3518038
0.64149106
0.3476131
0.23552702
-0.39368945
0.2282033
0.465288
0.43465313
0.6917491
-0.26907814
0.5732222
-0.34095252
0.4669814
0.471486
0.6741945
-0.8625353
0.579811
-0.41909805
0.3107122
-0.37283152
0.9597823
-0.3203121
-0.35776398
-0.057291884
-0.5909427
0.7031629
-0.31011403
-0.52341366
-0.39007115
0.3996999
-0.76819867
-0.5436207
-0.2324343
0.85061324
0.012344284
0.43614447
-1.0332782
0.7648442
0.9186041
0.0012831766
-0.47032598
-0.176695
-0.10144022
-0.25849345
-0.42770216
0.25167245
0.15037033
-0.77620524
0.89860195
-0.7695036
-0.5187407
-0.95272505
0.44954374
0.7566943
-0.13913743
0.94207454
-1.00105
0.65724945
-0.23007132
-0.07801829
-0.39971974
-0.5591494
-0.18018886
0.8270877
-0.0063172015
-0.2415186
0.60987973
0.5384401
0.54562587
0.7771212
0.18293303
-0.25474027
-0.82272106
-0.71745104
-0.7027677
-0.0057320483
-0.261642
-0.35669267
-0.038366396
-0.19998822
-0.01571064
0.47488967
-0.52198756
-0.7337799
0.44372463
0.60968053
-0.025900792
0.2312552
0.2362864
0.006477765
0.31658608
1.0414647
-0.7374884
-0.48377538
0.11905024
-0.59256035
-0.76953006
-0.7344449
1.1634592
1.0950019
0.079055816
-0.26390436
0.32245946
-0.29704913
-0.31083938
-0.61769766
-0.4812939
-0.60143876
0.29833743
0.42630997
-0.55512565
-0.6672996
-0.74082685
-0.19667873
-0.42662352
-0.7345916
0.72055906
0.9168887
-0.3888479
-0.031357665
-0.7018716
-0.3447356
0.14119548
-0.47845557
0.18170656
-0.19977188
0.85157996
-0.1789161
0.18002999
0.9941571
0.66285694
-0.18193488
-0.0824977
-0.7903227
-0.62916267
-0.70618844
-0.5127145
-0.5272487
-0.62711513
0.9214822
-0.7309354
0.43947065
-0.6049051
-0.14843094
0.70903414
0.10289368
-0.8541329
-0.39440042
-0.33460584
-0.8121545
0.60850215
-0.472299
0.6254684
0.6487931
0.12663433
-0.07737682
0.12561819
-0.6276215
-0.8367793
-0.29126704
0.6748936
-0.317265
-0.2354162
0.90496796
-0.4835735
0.64524114
-0.56849766
0.66315883
0.2824783
-0.506618
-0.5452957
0.7871292
-0.92905873
0.69137424
0.37841126
0.03400259
-0.94821763
-0.015293373
-0.48388478
1.0260742
-0.06420972
-0.23229632
0.7511938
-0.7749165
-0.6092879
-0.41666678
0.7310931
-0.25649908
0.6239639
-0.13938698
-0.27211607
0.33830458
0.3845666
-0.08934475
-0.4654887
-0.61496204
0.7746905
-0.77937454
0.25348216
0.80343217
-0.9196728
-0.61700153
-0.8880915
0.31136194
-0.2905009
-0.76266944
0.78214616
0.9653936
-0.027542297
-0.37779975
-0.21699426
0.23123232
-0.14703292
1.0779538
-0.6926835
-0.4181303
-0.37187234
-0.16762686
0.3327968
0.5934957
0.3245505
-0.65097886
1.0113714
0.28044653
-0.63155276
0.3932021
0.5767977
0.04989291
0.35229886
0.03046949
-0.20502664
0.86364716
0.117395274
0.095727436
-0.26997352
0.15095298
-0.71444523
-0.24899341
0.038251206
0.7147618
0.13128302
-0.31157148
0.5641476
0.47003537
0.60214484
-1.0154868
-0.37555057
0.72963184
0.6971384
-0.9775695
-0.47733957
0.6204834
0.121785
-0.020052496
0.52063185
-0.8421619
0.23286673
-0.94475824
0.37529135
-0.90361714
-0.7259588
-0.50351155
0.28213638
0.06019653
0.33611813
0.13304153
0.91804576
0.11212769
0.13734438
-0.3110503
-0.84117913
0.5346133
0.7482593
-0.10922218
-0.8827126
0.8465136
-0.07749925
0.008975535
-0.7635737
-0.5123985
0.42398658
0.52962947
0.4766666
-0.4359494
-0.37411344
-0.22333694
-0.4884046
0.21499954
0.79667383
-0.1754647
-0.41324693
-0.44617528
0.20602734
-0.37085146
0.1395582
-0.061364554
0.30056635
0.44462377
0.022765892
-0.5189707
0.6372767
-0.6370123
0.6985697
-0.4171755
0.87536174
0.547027
0.4969211
0.54586047
-0.062213268
0.5482386
0.081418924
0.161158
-0.6830757
-0.8003778
0.4194703
0.66776633
0.4301426
-0.28780755
-0.17497115
-0.65856016
0.27428913
0.25595936
-0.32978886
-0.6022765
0.099729724
-0.2769847
-0.06128603
0.979199
0.664342
-0.7893789
0.32013944
0.41558108
0.47707817
-0.9899026
-0.20416619
0.0035707413
0.029778792
0.842384
1.0510997
0.3006611
-0.31474197
-0.606089
-0.33394462
-0.5129269
-0.099433154
-0.5866715
0.047714345
-0.37235388
0.64925426
0.36800146
0.70810896
-0.3522331
-0.58452594
0.82637954
-0.6895266
-0.63312364
0.978388
0.09526137
0.80614734
-0.6455095
-0.6983321
0.58505416
0.1627179
0.45738563
-0.45778745
-0.19155094
0.393355
1.0008192
-0.895385
0.5535596
-0.6243268
0.02045742
0.69504595
-0.65876573
-0.1603067
-0.4985296
0.69365776
0.480127
-0.5896775
-0.43940815
0.8094994
-0.6661536
0.53182334
-0.90890086
-0.623594
0.176026
0.055620812
0.5746226
0.53570884
0.09334469
-0.068568274
-0.03573031
0.3040159
-0.66088
-0.20339555
0.6002429
-0.50733835
-0.79951763
0.4264256
0.7080203
0.11287088
-0.004854684
-0.53270435
0.69692415
-0.77586967
0.28121987
0.401835
-0.8355021
0.33900154
0.1427757
0.1576675
0.34831443
0.3437544
-0.54746574
-0.568173
-0.18641452
0.31382895
-0.7660282
-0.26456332
0.072148316
-0.7915863
-0.16700162
0.8972669
0.17970201
-0.5864822
0.5364633
0.64797777
1.0071267
-0.58493227
-0.28869224
0.037107468
-0.5123948
-0.9137121
